Date,Close,position
2010-12-20,1.3164995908737183,1
2010-12-21,1.3118022680282593,1
2010-12-22,1.3090033531188965,1
2010-12-23,1.3115441799163818,1
2010-12-24,1.31271493434906,1
2010-12-27,1.3079760074615479,1
2010-12-28,1.3189654350280762,1
2010-12-29,1.3086265325546265,1
2010-12-30,1.3224539756774902,1
2010-12-31,1.3301233053207397,1
2011-01-03,1.3357912302017212,1
2011-01-04,1.3356841802597046,1
2011-01-05,1.3321077823638916,1
2011-01-06,1.3156856298446655,1
2011-01-07,1.2979933023452759,1
2011-01-10,1.289507269859314,1
2011-01-11,1.2964956760406494,1
2011-01-12,1.2983977794647217,1
2011-01-13,1.3128355741500854,1
2011-01-14,1.335327386856079,1
2011-01-17,1.3380253314971924,1
2011-01-18,1.3283917903900146,1
2011-01-19,1.3378105163574219,1
2011-01-20,1.3452069759368896,1
2011-01-21,1.3468012809753418,1
2011-01-24,1.361952543258667,1
2011-01-25,1.3644053936004639,1
2011-01-26,1.3686069250106812,1
2011-01-27,1.3710086345672607,1
2011-01-28,1.3723068237304688,1
2011-01-31,1.3572757244110107,1
2011-02-01,1.3713847398757935,1
2011-02-02,1.382991909980774,1
2011-02-03,1.3817880153656006,1
2011-02-04,1.362453579902649,1
2011-02-07,1.357496738433838,1
2011-02-08,1.359194278717041,1
2011-02-09,1.3626948595046997,1
2011-02-10,1.372099757194519,1
2011-02-11,1.3601926565170288,1
2011-02-14,1.3510043621063232,1
2011-02-15,1.3481086492538452,1
2011-02-16,1.3498555421829224,1
2011-02-17,1.357533574104309,1
2011-02-18,1.3626019954681396,1
2011-02-21,1.3713470697402954,1
2011-02-22,1.3682323694229126,1
2011-02-23,1.3673717975616455,1
2011-02-24,1.3764055967330933,1
2011-02-25,1.381998062133789,1
2011-02-28,1.373437762260437,1
2011-03-01,1.3821508884429932,1
2011-03-02,1.3771828413009644,1
2011-03-03,1.3866548538208008,1
2011-03-04,1.3958877325057983,1
2011-03-07,1.3990709781646729,1
2011-03-08,1.3963944911956787,1
2011-03-09,1.3897961378097534,1
2011-03-10,1.3902212381362915,1
2011-03-11,1.3801289796829224,1
2011-03-14,1.3934563398361206,1
2011-03-15,1.3992079496383667,1
2011-03-16,1.3986209630966187,1
2011-03-17,1.3884838819503784,1
2011-03-18,1.4032920598983765,1
2011-03-21,1.4170527458190918,1
2011-03-22,1.4217066764831543,1
2011-03-23,1.4168118238449097,1
2011-03-24,1.4105963706970215,1
2011-03-25,1.4171934127807617,1
2011-03-28,1.402603268623352,1
2011-03-29,1.4079747200012207,1
2011-03-30,1.411113977432251,1
2011-03-31,1.4121301174163818,1
2011-04-01,1.415869116783142,1
2011-04-04,1.4223334789276123,1
2011-04-05,1.422009825706482,1
2011-04-06,1.4219088554382324,1
2011-04-07,1.4335273504257202,1
2011-04-08,1.430206060409546,1
2011-04-11,1.446215271949768,1
2011-04-12,1.4437931776046753,1
2011-04-13,1.447638988494873,1
2011-04-14,1.444210171699524,1
2011-04-15,1.4432096481323242,1
2011-04-18,1.4412959814071655,1
2011-04-19,1.4223941564559937,1
2011-04-20,1.433794617652893,1
2011-04-21,1.4513999223709106,1
2011-04-22,1.455498218536377,1
2011-04-25,1.4557099342346191,1
2011-04-26,1.4578959941864014,1
2011-04-27,1.4687954187393188,1
2011-04-28,1.4779999256134033,1
2011-04-29,1.4844063520431519,1
2011-05-02,1.4793994426727295,1
2011-05-03,1.4823819398880005,1
2011-05-04,1.4833273887634277,1
2011-05-05,1.4829754829406738,1
2011-05-06,1.454439640045166,1
2011-05-09,1.4352967739105225,1
2011-05-10,1.4376078844070435,1
2011-05-11,1.44110906124115,1
2011-05-12,1.4211004972457886,1
2011-05-13,1.423791527748108,1
2011-05-16,1.4077963829040527,1
2011-05-17,1.415808916091919,1
2011-05-18,1.4268999099731445,1
2011-05-19,1.4255167245864868,1
2011-05-20,1.4316186904907227,1
2011-05-23,1.4105764627456665,1
2011-05-24,1.403666377067566,1
2011-05-25,1.4099003076553345,1
2011-05-26,1.4084903001785278,1
2011-05-27,1.4135074615478516,1
2011-05-30,1.4297356605529785,1
2011-05-31,1.4322338104248047,1
2011-06-01,1.4427932500839233,1
2011-06-02,1.434493899345398,1
2011-06-03,1.4486035108566284,1
2011-06-06,1.465502142906189,1
2011-06-07,1.458299994468689,1
2011-06-08,1.4686013460159302,1
2011-06-09,1.4601950645446777,1
2011-06-10,1.451568365097046,1
2011-06-13,1.4332603216171265,1
2011-06-14,1.4416908025741577,1
2011-06-15,1.4450031518936157,1
2011-06-16,1.4181982278823853,1
2011-06-17,1.419909954071045,1
2011-06-20,1.4285101890563965,1
2011-06-21,1.4325416088104248,1
2011-06-22,1.4381660223007202,1
2011-06-23,1.4314342737197876,1
2011-06-24,1.427001714706421,1
2011-06-27,1.4171332120895386,1
2011-06-28,1.4316802024841309,1
2011-06-29,1.4357914924621582,1
2011-06-30,1.4478904008865356,1
2011-07-01,1.4496954679489136,1
2011-07-04,1.4539955854415894,1
2011-07-05,1.4553074836730957,1
2011-07-06,1.4428139925003052,1
2011-07-07,1.4331575632095337,1
2011-07-08,1.4364513158798218,1
2011-07-11,1.4201923608779907,1
2011-07-12,1.4040604829788208,1
2011-07-13,1.3969016075134277,1
2011-07-14,1.4234267473220825,1
2011-07-15,1.4157286882400513,1
2011-07-18,1.4123096466064453,1
2011-07-19,1.411193609237671,1
2011-07-20,1.417293906211853,1
2011-07-21,1.427001714706421,1
2011-07-22,1.4420026540756226,1
2011-07-25,1.4388489723205566,1
2011-07-26,1.4371533393859863,1
2011-07-27,1.450810194015503,1
2011-07-28,1.4372979402542114,1
2011-07-29,1.4331985712051392,1
2011-08-01,1.4363688230514526,1
2011-08-02,1.4262080192565918,1
2011-08-03,1.417333960533142,1
2011-08-04,1.4352967739105225,1
2011-08-05,1.4067071676254272,1
2011-08-08,1.4294085502624512,1
2011-08-09,1.4170728921890259,1
2011-08-10,1.4383108615875244,1
2011-08-11,1.4124692678451538,1
2011-08-12,1.4226369857788086,1
2011-08-15,1.4274091720581055,1
2011-08-16,1.4438347816467285,1
2011-08-17,1.439801812171936,1
2011-08-18,1.4429181814193726,1
2011-08-19,1.4324390888214111,1
2011-08-22,1.4369261264801025,1
2011-08-23,1.436100721359253,1
2011-08-24,1.4437098503112793,1
2011-08-25,1.44123375415802,1
2011-08-26,1.4372979402542114,1
2011-08-29,1.449506402015686,1
2011-08-30,1.4524328708648682,1
2011-08-31,1.4433138370513916,1
2011-09-01,1.4374631643295288,1
2011-09-02,1.4262080192565918,1
2011-09-05,1.4157688617706299,1
2011-09-06,1.4063115119934082,1
2011-09-07,1.4003249406814575,1
2011-09-08,1.4085696935653687,1
2011-09-09,1.3904144763946533,1
2011-09-12,1.3600815534591675,1
2011-09-13,1.3660268783569336,1
2011-09-14,1.3686069250106812,1
2011-09-15,1.3746082782745361,1
2011-09-16,1.3869048357009888,1
2011-09-19,1.3701446056365967,1
2011-09-20,1.3605626821517944,1
2011-09-21,1.369394063949585,1
2011-09-22,1.3586033582687378,1
2011-09-23,1.348090410232544,1
2011-09-26,1.3547013998031616,1
2011-09-27,1.351807951927185,1
2011-09-28,1.3582342863082886,1
2011-09-29,1.3537662029266357,1
2011-09-30,1.3585848808288574,1
2011-10-03,1.336094617843628,1
2011-10-04,1.3195048570632935,1
2011-10-05,1.3330134153366089,1
2011-10-06,1.333991527557373,1
2011-10-07,1.3428946733474731,1
2011-10-10,1.3385984897613525,-1
2011-10-11,1.3635495901107788,-1
2011-10-12,1.3645730018615723,-1
2011-10-13,1.379196286201477,-1
2011-10-14,1.3735508918762207,-1
2011-10-17,1.3879058361053467,-1
2011-10-18,1.3744003772735596,-1
2011-10-19,1.3740037679672241,-1
2011-10-20,1.3765003681182861,-1
2011-10-21,1.377903938293457,-1
2011-10-24,1.3847730159759521,-1
2011-10-25,1.3922340869903564,-1
2011-10-26,1.3904531002044678,-1
2011-10-27,1.387694001197815,-1
2011-10-28,1.4173942804336548,-1
2011-10-31,1.4140071868896484,-1
2011-11-01,1.386001467704773,-1
2011-11-02,1.3655978441238403,-1
2011-11-03,1.3690004348754883,-1
2011-11-04,1.382991909980774,-1
2011-11-07,1.3789299726486206,-1
2011-11-08,1.3760079145431519,-1
2011-11-09,1.3826478719711304,-1
2011-11-10,1.3526674509048462,-1
2011-11-11,1.3610072135925293,-1
2011-11-14,1.3787018060684204,-1
2011-11-15,1.362416386604309,-1
2011-11-16,1.350712537765503,-1
2011-11-17,1.3441040515899658,-1
2011-11-18,1.3458044528961182,-1
2011-11-21,1.3529969453811646,-1
2011-11-22,1.348435878753662,-1
2011-11-23,1.3521919250488281,-1
2011-11-24,1.3352025747299194,-1
2011-11-25,1.3331022262573242,-1
2011-11-28,1.3313452005386353,-1
2011-11-29,1.3316997289657593,-1
2011-11-30,1.3324095010757446,-1
2011-12-01,1.3443931341171265,-1
2011-12-02,1.346692442893982,-1
2011-12-05,1.3419036865234375,-1
2011-12-06,1.3386701345443726,-1
2011-12-07,1.3412017822265625,-1
2011-12-08,1.3403747081756592,-1
2011-12-09,1.3345433473587036,-1
2011-12-12,1.3371665477752686,-1
2011-12-13,1.3171066045761108,-1
2011-12-14,1.3019137382507324,-1
2011-12-15,1.2988024950027466,-1
2011-12-16,1.302965521812439,-1
2011-12-19,1.3036959171295166,-1
2011-12-20,1.3007792234420776,-1
2011-12-21,1.3087977170944214,-1
2011-12-22,1.3040019273757935,-1
2011-12-23,1.3056023120880127,-1
2011-12-26,1.3044953346252441,-1
2011-12-27,1.3050570487976074,-1
2011-12-28,1.307206630706787,-1
2011-12-29,1.292724609375,-1
2011-12-30,1.2956053018569946,-1
2012-01-02,1.2960082292556763,-1
2012-01-03,1.2940963506698608,-1
2012-01-04,1.3056023120880127,-1
2012-01-05,1.2931424379348755,-1
2012-01-06,1.279606819152832,-1
2012-01-09,1.2680377960205078,-1
2012-01-10,1.2775959968566895,-1
2012-01-11,1.2751848697662354,-1
2012-01-12,1.272394061088562,-1
2012-01-13,1.2820513248443604,-1
2012-01-16,1.2647020816802979,-1
2012-01-17,1.2667046785354614,-1
2012-01-18,1.2745997905731201,-1
2012-01-19,1.2866039276123047,-1
2012-01-20,1.2964956760406494,-1
2012-01-23,1.2884771823883057,-1
2012-01-24,1.3026939630508423,-1
2012-01-25,1.304103970527649,-1
2012-01-26,1.3107362985610962,-1
2012-01-27,1.3092775344848633,-1
2012-01-30,1.3207945823669434,-1
2012-01-31,1.3139568567276,-1
2012-02-01,1.3077024221420288,-1
2012-02-02,1.317002534866333,-1
2012-02-03,1.3137152194976807,-1
2012-02-06,1.31271493434906,-1
2012-02-07,1.3121638298034668,-1
2012-02-08,1.3248542547225952,-1
2012-02-09,1.3248542547225952,-1
2012-02-10,1.3278449773788452,-1
2012-02-13,1.3236793279647827,-1
2012-02-14,1.3157894611358643,-1
2012-02-15,1.3133701086044312,-1
2012-02-16,1.3058068752288818,-1
2012-02-17,1.3126804828643799,-1
2012-02-20,1.3227163553237915,-1
2012-02-21,1.3204805850982666,-1
2012-02-22,1.324327826499939,-1
2012-02-23,1.325574278831482,-1
2012-02-24,1.337363362312317,-1
2012-02-27,1.3467106819152832,-1
2012-02-28,1.3406623601913452,-1
2012-02-29,1.3477997779846191,-1
2012-03-01,1.3320900201797485,-1
2012-03-02,1.3322675228118896,-1
2012-03-05,1.318617582321167,-1
2012-03-06,1.3225764036178589,-1
2012-03-07,1.3123359680175781,-1
2012-03-08,1.3139914274215698,-1
2012-03-09,1.327492356300354,-1
2012-03-12,1.312508225440979,-1
2012-03-13,1.3168290853500366,-1
2012-03-14,1.30804443359375,-1
2012-03-15,1.3022528886795044,-1
2012-03-16,1.3078734874725342,-1
2012-03-19,1.3177140951156616,-1
2012-03-20,1.3229262828826904,-1
2012-03-21,1.323766827583313,-1
2012-03-22,1.3218770027160645,-1
2012-03-23,1.3204805850982666,-1
2012-03-26,1.328303575515747,-1
2012-03-27,1.3360053300857544,-1
2012-03-28,1.3328713178634644,-1
2012-03-29,1.3326226472854614,-1
2012-03-30,1.3313806056976318,-1
2012-04-02,1.3358268737792969,-1
2012-04-03,1.3333333730697632,-1
2012-04-04,1.3225239515304565,-1
2012-04-05,1.314405918121338,-1
2012-04-06,1.3065063953399658,-1
2012-04-09,1.3079075813293457,-1
2012-04-10,1.311131477355957,-1
2012-04-11,1.3073604106903076,-1
2012-04-12,1.311991572380066,-1
2012-04-13,1.318913221359253,-1
2012-04-16,1.30565345287323,-1
2012-04-17,1.3126804828643799,-1
2012-04-18,1.3135426044464111,-1
2012-04-19,1.311991572380066,-1
2012-04-20,1.314578652381897,-1
2012-04-23,1.3204805850982666,-1
2012-04-24,1.3152011632919312,-1
2012-04-25,1.3197835683822632,-1
2012-04-26,1.323276400566101,-1
2012-04-27,1.319087266921997,-1
2012-04-30,1.3241524696350098,-1
2012-05-01,1.3239772319793701,-1
2012-05-02,1.3239772319793701,-1
2012-05-03,1.3147515058517456,-1
2012-05-04,1.3156163692474365,-1
2012-05-07,1.297033667564392,-1
2012-05-08,1.306165099143982,-1
2012-05-09,1.299545168876648,-1
2012-05-10,1.2936609983444214,-1
2012-05-11,1.2934937477111816,-1
2012-05-14,1.289989709854126,-1
2012-05-15,1.283202886581421,-1
2012-05-16,1.273560881614685,-1
2012-05-17,1.2730745077133179,-1
2012-05-18,1.269841194152832,-1
2012-05-21,1.2773023843765259,-1
2012-05-22,1.281065821647644,-1
2012-05-23,1.2664639949798584,-1
2012-05-24,1.2561235427856445,-1
2012-05-25,1.2536041736602783,-1
2012-05-28,1.2569130659103394,-1
2012-05-29,1.2525050640106201,-1
2012-05-30,1.2478163242340088,-1
2012-05-31,1.2374706268310547,-1
2012-06-01,1.2362467050552368,-1
2012-06-04,1.2402331829071045,-1
2012-06-05,1.2509382963180542,-1
2012-06-06,1.2462612390518188,-1
2012-06-07,1.2573871612548828,-1
2012-06-08,1.2570710182189941,-1
2012-06-11,1.2645422220230103,-1
2012-06-12,1.2478163242340088,-1
2012-06-13,1.2504688501358032,-1
2012-06-14,1.2573871612548828,-1
2012-06-15,1.262785792350769,-1
2012-06-18,1.27048659324646,-1
2012-06-19,1.2597631216049194,-1
2012-06-20,1.2680699825286865,-1
2012-06-21,1.2680699825286865,-1
2012-06-22,1.255177617073059,-1
2012-06-25,1.2537612915039062,-1
2012-06-26,1.2504688501358032,-1
2012-06-27,1.248751163482666,-1
2012-06-28,1.2473493814468384,-1
2012-06-29,1.2440905570983887,-1
2012-07-02,1.2655184268951416,-1
2012-07-03,1.2581782341003418,-1
2012-07-04,1.2605571746826172,-1
2012-07-05,1.2516272068023682,-1
2012-07-06,1.2391574382781982,-1
2012-07-09,1.227144479751587,-1
2012-07-10,1.2318304777145386,-1
2012-07-11,1.2256402969360352,-1
2012-07-12,1.2247247695922852,-1
2012-07-13,1.2192742824554443,-1
2012-07-16,1.2248897552490234,-1
2012-07-17,1.2268433570861816,-1
2012-07-18,1.2295585870742798,-1
2012-07-19,1.2277470827102661,-1
2012-07-20,1.2276867628097534,-1
2012-07-23,1.2127091884613037,-1
2012-07-24,1.212415099143982,-1
2012-07-25,1.2061853408813477,-1
2012-07-26,1.2140341997146606,-1
2012-07-27,1.2280486822128296,-1
2012-07-30,1.230466365814209,-1
2012-07-31,1.2259409427642822,-1
2012-08-01,1.2294074296951294,-1
2012-08-02,1.2241400480270386,-1
2012-08-03,1.218026876449585,-1
2012-08-06,1.2428536415100098,-1
2012-08-07,1.2390038967132568,-1
2012-08-08,1.2386969327926636,-1
2012-08-09,1.237332820892334,-1
2012-08-10,1.2294074296951294,-1
2012-08-13,1.2277169227600098,-1
2012-08-14,1.2327415943145752,-1
2012-08-15,1.2325897216796875,-1
2012-08-16,1.2289540767669678,-1
2012-08-17,1.2357884645462036,-1
2012-08-20,1.233258605003357,-1
2012-08-21,1.2353304624557495,-1
2012-08-22,1.2476606369018555,-1
2012-08-23,1.2534469366073608,-1
2012-08-24,1.2561235427856445,-1
2012-08-27,1.250437617301941,-1
2012-08-28,1.250156283378601,-1
2012-08-29,1.257228970527649,-1
2012-08-30,1.2531328201293945,-1
2012-08-31,1.2510946989059448,-1
2012-09-03,1.257703423500061,-1
2012-09-04,1.2586532831192017,-1
2012-09-05,1.2534469366073608,-1
2012-09-06,1.2602394819259644,-1
2012-09-07,1.2632642984390259,-1
2012-09-10,1.2795906066894531,-1
2012-09-11,1.2761613130569458,-1
2012-09-12,1.2851818799972534,-1
2012-09-13,1.2903226613998413,-1
2012-09-14,1.299376368522644,-1
2012-09-17,1.3116475343704224,-1
2012-09-18,1.3110111951828003,-1
2012-09-19,1.3046314716339111,-1
2012-09-20,1.3058239221572876,-1
2012-09-21,1.2973533868789673,-1
2012-09-24,1.2968486547470093,-1
2012-09-25,1.2941633462905884,-1
2012-09-26,1.2900062799453735,-1
2012-09-27,1.2881617546081543,-1
2012-09-28,1.2913223505020142,-1
2012-10-01,1.2809016704559326,-1
2012-10-02,1.2888258695602417,-1
2012-10-03,1.2916558980941772,-1
2012-10-04,1.2923235893249512,-1
2012-10-05,1.3017443418502808,-1
2012-10-08,1.301574945449829,-1
2012-10-09,1.2976900339126587,-1
2012-10-10,1.2858428955078125,-1
2012-10-11,1.2858428955078125,-1
2012-10-12,1.293326497077942,-1
2012-10-15,1.2943308353424072,-1
2012-10-16,1.2968486547470093,-1
2012-10-17,1.3107877969741821,-1
2012-10-18,1.3116475343704224,-1
2012-10-19,1.3069161176681519,-1
2012-10-22,1.3022528886795044,-1
2012-10-23,1.3070186376571655,-1
2012-10-24,1.2973533868789673,-1
2012-10-25,1.2965123653411865,-1
2012-10-26,1.2938284873962402,-1
2012-10-29,1.2924071550369263,1
2012-10-30,1.2908222675323486,1
2012-10-31,1.2962603569030762,1
2012-11-01,1.2965123653411865,1
2012-11-02,1.2948336601257324,1
2012-11-05,1.2827913761138916,1
2012-11-06,1.2802459001541138,1
2012-11-07,1.2808033227920532,1
2012-11-08,1.2759984731674194,1
2012-11-09,1.274534821510315,1
2012-11-12,1.272394061088562,1
2012-11-13,1.2709709405899048,1
2012-11-14,1.2709709405899048,1
2012-11-15,1.273236632347107,1
2012-11-16,1.2784454822540283,1
2012-11-19,1.2759497165679932,1
2012-11-20,1.276943564414978,1
2012-11-21,1.281443476676941,1
2012-11-22,1.2865046262741089,1
2012-11-23,1.2875149250030518,1
2012-11-26,1.2965964078903198,1
2012-11-27,1.298701286315918,1
2012-11-28,1.2938284873962402,1
2012-11-29,1.2953367233276367,1
2012-11-30,1.2973533868789673,1
2012-12-03,1.299680233001709,1
2012-12-05,1.3099292516708374,1
2012-12-06,1.3070186376571655,1
2012-12-07,1.2963443994522095,1
2012-12-10,1.2906056642532349,1
2012-12-11,1.2938284873962402,1
2012-12-12,1.3013207912445068,1
2012-12-13,1.3066771030426025,1
2012-12-14,1.3078734874725342,1
2012-12-17,1.3165863752365112,1
2012-12-18,1.316482424736023,1
2012-12-19,1.323101282119751,1
2012-12-20,1.3215277194976807,1
2012-12-21,1.323766827583313,1
2012-12-24,1.3182003498077393,1
2012-12-25,1.3180439472198486,1
2012-12-26,1.3180439472198486,1
2012-12-27,1.3225764036178589,1
2012-12-28,1.3250298500061035,1
2012-12-31,1.3227688074111938,1
2013-01-01,1.3201320171356201,1
2013-01-02,1.3197835683822632,1
2013-01-03,1.3182177543640137,1
2013-01-04,1.3032711744308472,1
2013-01-07,1.3067454099655151,1
2013-01-08,1.312508225440979,1
2013-01-09,1.3082326650619507,1
2013-01-10,1.305483102798462,1
2013-01-11,1.327316164970398,1
2013-01-14,1.3362016677856445,1
2013-01-15,1.3377926349639893,1
2013-01-16,1.330849051475525,1
2013-01-17,1.32908034324646,1
2013-01-18,1.3372559547424316,1
2013-01-21,1.3320013284683228,1
2013-01-22,1.3311502933502197,1
2013-01-23,1.331398367881775,1
2013-01-24,1.330849051475525,1
2013-01-25,1.3369340896606445,1
2013-01-28,1.3466018438339233,1
2013-01-29,1.3446282148361206,1
2013-01-30,1.34916353225708,1
2013-01-31,1.3568336963653564,1
2013-02-01,1.3610997200012207,1
2013-02-04,1.3648709058761597,1
2013-02-05,1.3511687517166138,1
2013-02-06,1.3581420183181763,1
2013-02-07,1.3523930311203003,1
2013-02-08,1.3389389514923096,1
2013-02-11,1.3368269205093384,1
2013-02-12,1.340356707572937,1
2013-02-13,1.3452069759368896,1
2013-02-14,1.3444474935531616,1
2013-02-15,1.3352917432785034,1
2013-02-18,1.3344007730484009,1
2013-02-19,1.3347214460372925,1
2013-02-20,1.3395847082138062,1
2013-02-21,1.327316164970398,1
2013-02-22,1.3194352388381958,1
2013-02-25,1.319591999053955,1
2013-02-26,1.3065063953399658,1
2013-02-27,1.3065917491912842,1
2013-02-28,1.3150973320007324,1
2013-03-01,1.3059945106506348,1
2013-03-04,1.3016934394836426,1
2013-03-05,1.3036110401153564,1
2013-03-06,1.3048527240753174,1
2013-03-07,1.297858476638794,1
2013-03-08,1.311131477355957,1
2013-03-11,1.2988024950027466,1
2013-03-12,1.3032711744308472,1
2013-03-13,1.3029316663742065,1
2013-03-14,1.2958402633666992,1
2013-03-15,1.3012362718582153,1
2013-03-18,1.2892745733261108,1
2013-03-19,1.2944984436035156,1
2013-03-20,1.2863887548446655,1
2013-03-21,1.2941633462905884,1
2013-03-22,1.2904890775680542,1
2013-03-25,1.302405595779419,1
2013-03-26,1.2858428955078125,1
2013-03-27,1.2860082387924194,1
2013-03-28,1.277791976928711,1
2013-03-29,1.2815911769866943,1
2013-04-01,1.2805737257003784,1
2013-04-02,1.2850167751312256,1
2013-04-03,1.2820513248443604,1
2013-04-04,1.2850167751312256,1
2013-04-05,1.2928247451782227,1
2013-04-08,1.2992074489593506,1
2013-04-09,1.3029316663742065,1
2013-04-10,1.3080273866653442,1
2013-04-11,1.3055341243743896,1
2013-04-12,1.311475396156311,1
2013-04-15,1.3099292516708374,1
2013-04-16,1.3054660558700562,1
2013-04-17,1.3178702592849731,1
2013-04-18,1.3034920692443848,1
2013-04-19,1.3053126335144043,1
2013-04-22,1.3055682182312012,1
2013-04-23,1.306165099143982,1
2013-04-24,1.2994438409805298,1
2013-04-25,1.3017443418502808,1
2013-04-26,1.3007283210754395,1
2013-04-29,1.3042571544647217,1
2013-04-30,1.3095861673355103,1
2013-05-01,1.3168290853500366,1
2013-05-02,1.3182177543640137,1
2013-05-03,1.3065063953399658,1
2013-05-06,1.3123359680175781,1
2013-05-07,1.3070186376571655,1
2013-05-08,1.3077024221420288,1
2013-05-09,1.3161357641220093,1
2013-05-10,1.303441047668457,1
2013-05-13,1.2965291738510132,1
2013-05-14,1.2988024950027466,1
2013-05-15,1.2937111854553223,1
2013-05-16,1.2882447242736816,1
2013-05-17,1.2883278131484985,1
2013-05-20,1.2835652828216553,1
2013-05-21,1.2891082763671875,1
2013-05-22,1.2919062376022339,1
2013-05-23,1.2842081785202026,1
2013-05-24,1.2925074100494385,1
2013-05-27,1.2937781810760498,1
2013-05-28,1.2933933734893799,1
2013-05-29,1.2846370935440063,1
2013-05-30,1.294783353805542,1
2013-05-31,1.3043931722640991,1
2013-06-03,1.2996464967727661,1
2013-06-04,1.3072919845581055,1
2013-06-05,1.3073433637619019,1
2013-06-06,1.3093289136886597,1
2013-06-07,1.3245558738708496,1
2013-06-10,1.3224014043807983,1
2013-06-11,1.3224014043807983,1
2013-06-12,1.3224014043807983,1
2013-06-13,1.3339558839797974,1
2013-06-14,1.3367911577224731,1
2013-06-17,1.3348639011383057,1
2013-06-18,1.3363088369369507,1
2013-06-19,1.3389928340911865,1
2013-06-20,1.329186201095581,1
2013-06-21,1.323556661605835,1
2013-06-24,1.3105300664901733,1
2013-06-25,1.313232183456421,1
2013-06-26,1.3079760074615479,1
2013-06-27,1.301337718963623,1
2013-06-28,1.3035939931869507,1
2013-07-01,1.3014055490493774,1
2013-07-02,1.306762456893921,1
2013-07-03,1.2978922128677368,1
2013-07-04,1.3010838031768799,1
2013-07-05,1.2907721996307373,1
2013-07-08,1.2829065322875977,1
2013-07-09,1.2871006727218628,1
2013-07-10,1.278183937072754,1
2013-07-11,1.3187741041183472,1
2013-07-12,1.3097747564315796,1
2013-07-15,1.3059945106506348,1
2013-07-16,1.3058750629425049,1
2013-07-17,1.3151146173477173,1
2013-07-18,1.3116990327835083,1
2013-07-19,1.3110626935958862,1
2013-07-22,1.3159972429275513,1
2013-07-23,1.3190349340438843,1
2013-07-24,1.3223315477371216,1
2013-07-25,1.319087266921997,1
2013-07-26,1.3274219036102295,1
2013-07-29,1.3287447690963745,1
2013-07-30,1.3263654708862305,1
2013-07-31,1.3264886140823364,1
2013-08-01,1.3301409482955933,1
2013-08-02,1.3211959600448608,1
2013-08-05,1.3278977870941162,1
2013-08-06,1.3257501125335693,1
2013-08-07,1.3308136463165283,1
2013-08-08,1.334098219871521,1
2013-08-09,1.3380074501037598,1
2013-08-12,1.3339380025863647,1
2013-08-13,1.3292922973632812,1
2013-08-14,1.326559066772461,1
2013-08-15,1.3264182806015015,1
2013-08-16,1.33539879322052,1
2013-08-19,1.332906723022461,1
2013-08-20,1.3333866596221924,1
2013-08-21,1.3421016931533813,1
2013-08-22,1.334294080734253,1
2013-08-23,1.335505723953247,1
2013-08-26,1.33865225315094,1
2013-08-27,1.3379179239273071,1
2013-08-28,1.3392080068588257,1
2013-08-29,1.3334933519363403,1
2013-08-30,1.3236267566680908,1
2013-09-02,1.3208295106887817,1
2013-09-03,1.319000244140625,1
2013-09-04,1.317401647567749,1
2013-09-05,1.320062279701233,1
2013-09-06,1.3118367195129395,1
2013-09-09,1.3174188137054443,1
2013-09-10,1.3258028030395508,1
2013-09-11,1.326629400253296,1
2013-09-12,1.3315579891204834,1
2013-09-13,1.3298933506011963,1
2013-09-16,1.3359339237213135,1
2013-09-17,1.3337956666946411,1
2013-09-18,1.3357912302017212,1
2013-09-19,1.3523015975952148,1
2013-09-20,1.353417992591858,1
2013-09-23,1.3534547090530396,1
2013-09-24,1.349892020225525,1
2013-09-25,1.347182273864746,1
2013-09-26,1.351698398590088,1
2013-09-27,1.348617672920227,1
2013-09-30,1.349545955657959,1
2013-10-01,1.3525211811065674,1
2013-10-02,1.352338194847107,1
2013-10-03,1.3591018915176392,1
2013-10-04,1.362416386604309,1
2013-10-07,1.356999397277832,1
2013-10-09,1.3598041534423828,1
2013-10-10,1.352027416229248,1
2013-10-11,1.3526674509048462,1
2013-10-14,1.3556748628616333,1
2013-10-15,1.3558586835861206,1
2013-10-16,1.3521736860275269,1
2013-10-17,1.3522467613220215,1
2013-10-18,1.366698980331421,1
2013-10-21,1.3681949377059937,1
2013-10-22,1.36759614944458,1
2013-10-23,1.3778469562530518,1
2013-10-24,1.3780938386917114,1
2013-10-25,1.380395531654358,1
2013-10-28,1.3805290460586548,1
2013-10-29,1.3789299726486206,1
2013-10-30,1.374306082725525,1
2013-10-31,1.3724011182785034,1
2013-11-01,1.3579760789871216,1
2013-11-04,1.349400281906128,1
2013-11-05,1.351698398590088,1
2013-11-06,1.3473094701766968,1
2013-11-07,1.351807951927185,1
2013-11-08,1.3409138917922974,1
2013-11-11,1.3347926139831543,1
2013-11-12,1.3409318923950195,1
2013-11-13,1.3439956903457642,1
2013-11-14,1.3489633798599243,1
2013-11-15,1.3448994159698486,1
2013-11-18,1.3483994007110596,1
2013-11-19,1.3504389524459839,1
2013-11-20,1.3567416667938232,1
2013-11-21,1.3433817625045776,1
2013-11-22,1.347182273864746,1
2013-11-25,1.355233907699585,1
2013-11-26,1.3527590036392212,1
2013-11-27,1.3567785024642944,1
2013-11-28,1.357367753982544,1
2013-11-29,1.360396146774292,1
2013-12-02,1.3585110902786255,1
2013-12-03,1.3542062044143677,1
2013-12-04,1.3590649366378784,1
2013-12-05,1.3586403131484985,1
2013-12-06,1.3669979572296143,1
2013-12-09,1.3706516027450562,1
2013-12-10,1.3740227222442627,1
2013-12-11,1.37644362449646,1
2013-12-12,1.3786067962646484,1
2013-12-13,1.3750807046890259,1
2013-12-16,1.3739283084869385,1
2013-12-17,1.3762919902801514,1
2013-12-18,1.3771259784698486,1
2013-12-19,1.3684945106506348,1
2013-12-20,1.3655791282653809,1
2013-12-23,1.3678393363952637,1
2013-12-24,1.3699944019317627,1
2013-12-25,1.3681949377059937,1
2013-12-26,1.3668484687805176,1
2013-12-27,1.3696191310882568,1
2013-12-30,1.3750240802764893,1
2013-12-31,1.3810056447982788,1
2014-01-01,1.3744947910308838,1
2014-01-02,1.3766709566116333,1
2014-01-03,1.3666616678237915,1
2014-01-06,1.3596007823944092,1
2014-01-07,1.3631964921951294,1
2014-01-08,1.3616372346878052,1
2014-01-09,1.3572019338607788,1
2014-01-10,1.360710859298706,1
2014-01-13,1.3671848773956299,1
2014-01-14,1.3669979572296143,1
2014-01-15,1.3668484687805176,1
2014-01-16,1.359933614730835,1
2014-01-17,1.3618041276931763,1
2014-01-20,1.3527590036392212,1
2014-01-21,1.3549033403396606,1
2014-01-22,1.355913758277893,1
2014-01-23,1.354224443435669,1
2014-01-24,1.3689066171646118,1
2014-01-27,1.3687942028045654,1
2014-01-28,1.3674652576446533,1
2014-01-29,1.3655046224594116,1
2014-01-30,1.365859031677246,1
2014-01-31,1.3558770418167114,1
2014-02-03,1.3488178253173828,1
2014-02-04,1.3525028228759766,1
2014-02-05,1.3515887260437012,1
2014-02-06,1.3535096645355225,1
2014-02-07,1.3592127561569214,1
2014-02-10,1.361933946609497,1
2014-02-11,1.364610195159912,1
2014-02-12,1.3639029264450073,1
2014-02-13,1.3590095043182373,1
2014-02-14,1.3678767681121826,1
2014-02-17,1.3699944019317627,1
2014-02-18,1.3704450130462646,1
2014-02-19,1.376197338104248,1
2014-02-20,1.3730417490005493,1
2014-02-21,1.372118592262268,1
2014-02-24,1.3737962245941162,1
2014-02-25,1.3736075162887573,1
2014-02-26,1.3746082782745361,1
2014-02-27,1.3681949377059937,1
2014-02-28,1.3707455396652222,1
2014-03-03,1.377695083618164,1
2014-03-04,1.373701810836792,1
2014-03-05,1.374117136001587,1
2014-03-06,1.3734188079833984,1
2014-03-07,1.3863087892532349,1
2014-03-10,1.3878673315048218,1
2014-03-11,1.3878865242004395,1
2014-03-12,1.385809302330017,1
2014-03-13,1.3904531002044678,1
2014-03-14,1.3865394592285156,1
2014-03-17,1.39130437374115,1
2014-03-18,1.3926606178283691,1
2014-03-19,1.3930875062942505,1
2014-03-20,1.381921648979187,1
2014-03-21,1.378207802772522,1
2014-03-24,1.3795576095581055,1
2014-03-25,1.3838915824890137,1
2014-03-26,1.3819025754928589,1
2014-03-27,1.378207802772522,1
2014-03-28,1.3741360902786255,1
2014-03-31,1.3752131462097168,1
2014-04-01,1.3775053024291992,1
2014-04-02,1.379481554031372,1
2014-04-03,1.376822590827942,1
2014-04-04,1.3723821640014648,1
2014-04-07,1.3704074621200562,1
2014-04-08,1.374306082725525,1
2014-04-09,1.3793293237686157,1
2014-04-10,1.3855020999908447,1
2014-04-11,1.3886381387710571,1
2014-04-14,1.3846195936203003,1
2014-04-15,1.381711721420288,1
2014-04-16,1.38119637966156,1
2014-04-17,1.3827050924301147,1
2014-04-18,1.3812155723571777,1
2014-04-21,1.3815207481384277,1
2014-04-22,1.3795006275177002,1
2014-04-23,1.3810056447982788,1
2014-04-24,1.381921648979187,1
2014-04-25,1.3832024335861206,1
2014-04-28,1.384063959121704,1
2014-04-29,1.3852909803390503,1
2014-04-30,1.3813681602478027,1
2014-05-01,1.386924147605896,1
2014-05-02,1.3870972394943237,1
2014-05-05,1.387270450592041,1
2014-05-06,1.387597680091858,1
2014-05-07,1.3930680751800537,1
2014-05-08,1.3911689519882202,1
2014-05-09,1.3844279050827026,1
2014-05-12,1.376064658164978,1
2014-05-13,1.3756672143936157,1
2014-05-14,1.3709522485733032,1
2014-05-15,1.372005581855774,1
2014-05-16,1.3716480731964111,1
2014-05-19,1.3703323602676392,1
2014-05-20,1.3713847398757935,1
2014-05-21,1.3704074621200562,1
2014-05-22,1.3681762218475342,1
2014-05-23,1.3654487133026123,1
2014-05-26,1.3628805875778198,1
2014-05-27,1.3651318550109863,1
2014-05-28,1.3636983633041382,1
2014-05-29,1.359342098236084,1
2014-05-30,1.360451579093933,1
2014-06-02,1.3628062009811401,1
2014-06-03,1.3598966598510742,1
2014-06-04,1.3621008396148682,1
2014-06-05,1.3604146242141724,1
2014-06-06,1.3661948442459106,1
2014-06-09,1.3642936944961548,1
2014-06-10,1.3592681884765625,1
2014-06-11,1.3540961742401123,1
2014-06-12,1.3537112474441528,1
2014-06-13,1.3554543256759644,1
2014-06-16,1.3538029193878174,1
2014-06-17,1.3577179908752441,1
2014-06-18,1.3547931909561157,1
2014-06-19,1.3590649366378784,1
2014-06-20,1.361136794090271,1
2014-06-23,1.3593051433563232,1
2014-06-24,1.3601926565170288,1
2014-06-25,1.3605812788009644,1
2014-06-26,1.3628991842269897,1
2014-06-27,1.3613035678863525,1
2014-06-30,1.3644425868988037,1
2014-07-01,1.3693565130233765,1
2014-07-02,1.3680826425552368,1
2014-07-03,1.3652995824813843,1
2014-07-04,1.3610072135925293,1
2014-07-07,1.3588433265686035,1
2014-07-08,1.360618233680725,1
2014-07-09,1.3617113828659058,1
2014-07-10,1.3642936944961548,1
2014-07-11,1.3605072498321533,1
2014-07-14,1.360377550125122,1
2014-07-15,1.3621751070022583,1
2014-07-16,1.3572019338607788,1
2014-07-17,1.3529969453811646,-1
2014-07-18,1.3518811464309692,-1
2014-07-21,1.3532166481018066,-1
2014-07-22,1.3527040481567383,-1
2014-07-23,1.3468012809753418,-1
2014-07-24,1.346293568611145,-1
2014-07-25,1.3464748859405518,-1
2014-07-28,1.3428946733474731,-1
2014-07-29,1.3439054489135742,-1
2014-07-30,1.3411117792129517,-1
2014-07-31,1.3396027088165283,-1
2014-08-01,1.3389928340911865,-1
2014-08-04,1.3428946733474731,-1
2014-08-05,1.342209815979004,-1
2014-08-06,1.337238073348999,-1
2014-08-07,1.3382940292358398,-1
2014-08-08,1.3358268737792969,-1
2014-08-11,1.3405184745788574,-1
2014-08-12,1.3384909629821777,-1
2014-08-13,1.3366124629974365,-1
2014-08-14,1.3367911577224731,-1
2014-08-15,1.3363981246948242,-1
2014-08-18,1.339046597480774,-1
2014-08-19,1.336112380027771,-1
2014-08-20,1.332196593284607,-1
2014-08-21,1.3260489702224731,-1
2014-08-22,1.3279330730438232,-1
2014-08-25,1.3198705911636353,-1
2014-08-26,1.3188958168029785,-1
2014-08-27,1.3170199394226074,-1
2014-08-28,1.319087266921997,-1
2014-08-29,1.3184958696365356,-1
2014-09-01,1.3127838373184204,-1
2014-09-02,1.3131976127624512,-1
2014-09-03,1.3131976127624512,-1
2014-09-04,1.3150973320007324,-1
2014-09-05,1.2932761907577515,-1
2014-09-08,1.2953367233276367,-1
2014-09-09,1.2891082763671875,-1
2014-09-10,1.2941968441009521,-1
2014-09-11,1.2917059659957886,-1
2014-09-12,1.2923569679260254,-1
2014-09-15,1.2960082292556763,-1
2014-09-16,1.2939791679382324,-1
2014-09-17,1.2959076166152954,-1
2014-09-18,1.285000205039978,-1
2014-09-19,1.2920063734054565,-1
2014-09-22,1.2841421365737915,-1
2014-09-23,1.2851488590240479,-1
2014-09-24,1.2853965759277344,-1
2014-09-25,1.2778083086013794,-1
2014-09-26,1.2757054567337036,-1
2014-09-29,1.2673146724700928,-1
2014-09-30,1.269083857536316,-1
2014-10-01,1.262833595275879,-1
2014-10-02,1.2624191045761108,-1
2014-10-03,1.2670577764511108,-1
2014-10-06,1.2513607740402222,-1
2014-10-07,1.264606237411499,-1
2014-10-08,1.266800880432129,-1
2014-10-09,1.2743074893951416,-1
2014-10-10,1.2689067125320435,-1
2014-10-13,1.263982892036438,-1
2014-10-14,1.272394061088562,-1
2014-10-15,1.2639029026031494,-1
2014-10-16,1.2821663618087769,-1
2014-10-17,1.280442476272583,-1
2014-10-20,1.274957299232483,-1
2014-10-21,1.2795250415802002,-1
2014-10-22,1.2714719772338867,-1
2014-10-23,1.2641425132751465,-1
2014-10-24,1.2654062509536743,-1
2014-10-27,1.2676681280136108,-1
2014-10-28,1.270147681236267,-1
2014-10-29,1.273836612701416,-1
2014-10-30,1.2632802724838257,-1
2014-10-31,1.2613362073898315,-1
2014-11-03,1.2503125667572021,-1
2014-11-04,1.2495938539505005,-1
2014-11-05,1.2552564144134521,-1
2014-11-06,1.2480031251907349,-1
2014-11-07,1.238006830215454,-1
2014-11-10,1.246137022972107,-1
2014-11-11,1.242992639541626,-1
2014-11-12,1.2475829124450684,-1
2014-11-13,1.242992639541626,-1
2014-11-14,1.2475982904434204,-1
2014-11-17,1.251846432685852,-1
2014-11-18,1.2448959350585938,-1
2014-11-19,1.253337025642395,-1
2014-11-20,1.2540757656097412,-1
2014-11-21,1.2545005083084106,-1
2014-11-24,1.2375012636184692,-1
2014-11-25,1.2433171272277832,-1
2014-11-26,1.24806547164917,-1
2014-11-27,1.2505940198898315,-1
2014-11-28,1.246199131011963,-1
2014-12-01,1.2438275814056396,-1
2014-12-02,1.247007131576538,-1
2014-12-03,1.2388503551483154,-1
2014-12-04,1.231663703918457,-1
2014-12-05,1.2386661767959595,-1
2014-12-08,1.2294074296951294,-1
2014-12-09,1.2315119504928589,-1
2014-12-10,1.2394952774047852,-1
2014-12-11,1.2473959922790527,-1
2014-12-12,1.2394952774047852,-1
2014-12-15,1.2463544607162476,-1
2014-12-16,1.2443537712097168,-1
2014-12-17,1.2512043714523315,-1
2014-12-18,1.2338976860046387,-1
2014-12-19,1.229044795036316,-1
2014-12-22,1.2225985527038574,-1
2014-12-23,1.2223743200302124,-1
2014-12-24,1.217492938041687,-1
2014-12-25,1.2198543548583984,-1
2014-12-26,1.2210012674331665,-1
2014-12-29,1.216944694519043,-1
2014-12-30,1.215347409248352,-1
2014-12-31,1.2162047624588013,-1
2015-01-01,1.2098628282546997,-1
2015-01-02,1.2089413404464722,-1
2015-01-05,1.194643259048462,-1
2015-01-06,1.193901538848877,-1
2015-01-07,1.1875356435775757,-1
2015-01-08,1.1836000680923462,-1
2015-01-09,1.1796069145202637,-1
2015-01-12,1.187070369720459,-1
2015-01-13,1.1831519603729248,-1
2015-01-14,1.1778285503387451,-1
2015-01-15,1.1785920858383179,-1
2015-01-16,1.1637378931045532,-1
2015-01-19,1.1566041707992554,-1
2015-01-20,1.1597968339920044,-1
2015-01-21,1.1546944379806519,-1
2015-01-22,1.1615345478057861,-1
2015-01-23,1.1346745491027832,-1
2015-01-26,1.1125450134277344,-1
2015-01-27,1.1247708797454834,-1
2015-01-28,1.1367381811141968,-1
2015-01-29,1.1281461715698242,-1
2015-01-30,1.13355553150177,-1
2015-02-02,1.1309019327163696,-1
2015-02-03,1.1341726779937744,-1
2015-02-04,1.145737886428833,-1
2015-02-05,1.131874680519104,-1
2015-02-06,1.147196888923645,-1
2015-02-09,1.1314393281936646,-1
2015-02-10,1.1326953172683716,-1
2015-02-11,1.1321951150894165,-1
2015-02-12,1.131196141242981,-1
2015-02-13,1.140393853187561,-1
2015-02-16,1.1400039196014404,-1
2015-02-17,1.1334012746810913,-1
2015-02-18,1.1404719352722168,-1
2015-02-19,1.1400039196014404,-1
2015-02-20,1.1366735696792603,-1
2015-02-23,1.1381484270095825,-1
2015-02-24,1.1332985162734985,-1
2015-02-25,1.1339025497436523,-1
2015-02-26,1.1363636255264282,-1
2015-02-27,1.1205360889434814,-1
2015-03-02,1.1161960363388062,-1
2015-03-03,1.1179054975509644,-1
2015-03-04,1.118217945098877,-1
2015-03-05,1.1082050800323486,-1
2015-03-06,1.1032048463821411,-1
2015-03-09,1.0845986604690552,-1
2015-03-10,1.0833414793014526,-1
2015-03-11,1.0708701610565186,-1
2015-03-12,1.0548745393753052,-1
2015-03-13,1.0626314878463745,-1
2015-03-16,1.0481630563735962,-1
2015-03-17,1.0572947263717651,-1
2015-03-18,1.0598047971725464,-1
2015-03-19,1.0849988460540771,-1
2015-03-20,1.066894292831421,-1
2015-03-23,1.0826611518859863,-1
2015-03-24,1.094499111175537,-1
2015-03-25,1.0902034044265747,-1
2015-03-26,1.0960465669631958,-1
2015-03-27,1.0886367559432983,-1
2015-03-30,1.0884946584701538,-1
2015-03-31,1.0830246210098267,-1
2015-04-01,1.073814034461975,-1
2015-04-02,1.0769942998886108,-1
2015-04-03,1.087074637413025,-1
2015-04-06,1.100134253501892,-1
2015-04-07,1.0934817790985107,-1
2015-04-08,1.0824151039123535,-1
2015-04-09,1.078527569770813,-1
2015-04-10,1.0669056177139282,-1
2015-04-13,1.0609854459762573,-1
2015-04-14,1.0572947263717651,-1
2015-04-15,1.0647132396697998,-1
2015-04-16,1.0676802396774292,-1
2015-04-17,1.0755579471588135,-1
2015-04-20,1.0810226202011108,-1
2015-04-21,1.0747487545013428,-1
2015-04-22,1.074171543121338,-1
2015-04-23,1.0725815296173096,-1
2015-04-24,1.0815019607543945,-1
2015-04-27,1.086897373199463,-1
2015-04-28,1.0877959728240967,-1
2015-04-29,1.096912145614624,-1
2015-04-30,1.1114321947097778,-1
2015-05-01,1.1214659214019775,-1
2015-05-04,1.1185932159423828,-1
2015-05-05,1.1149141788482666,-1
2015-05-06,1.1186307668685913,-1
2015-05-07,1.1341469287872314,-1
2015-05-08,1.1246949434280396,-1
2015-05-11,1.1194071769714355,-1
2015-05-12,1.114441990852356,-1
2015-05-13,1.1221455335617065,-1
2015-05-14,1.1350480318069458,-1
2015-05-15,1.1404979228973389,-1
2015-05-18,1.144505262374878,-1
2015-05-19,1.1326183080673218,-1
2015-05-20,1.1146656274795532,-1
2015-05-21,1.1100751161575317,-1
2015-05-22,1.1111851930618286,-1
2015-05-25,1.0992997884750366,-1
2015-05-26,1.0971167087554932,-1
2015-05-27,1.08888578414917,-1
2015-05-28,1.0900014638900757,-1
2015-05-29,1.0960345268249512,-1
2015-06-01,1.0957943201065063,-1
2015-06-02,1.0922993421554565,-1
2015-06-03,1.1150012016296387,-1
2015-06-04,1.1257838010787964,-1
2015-06-05,1.120787262916565,-1
2015-06-08,1.1108149290084839,-1
2015-06-09,1.128095269203186,-1
2015-06-10,1.1299052238464355,-1
2015-06-11,1.131196141242981,-1
2015-06-12,1.1240627765655518,-1
2015-06-15,1.1219944953918457,-1
2015-06-16,1.1277008056640625,-1
2015-06-17,1.124201774597168,-1
2015-06-18,1.1369967460632324,-1
2015-06-19,1.1370742321014404,-1
2015-06-22,1.1372941732406616,-1
2015-06-23,1.13490629196167,-1
2015-06-24,1.1172186136245728,-1
2015-06-25,1.1206992864608765,-1
2015-06-26,1.1202975511550903,-1
2015-06-29,1.0975021123886108,-1
2015-06-30,1.122296690940857,-1
2015-07-01,1.1134989261627197,-1
2015-07-02,1.103363037109375,-1
2015-07-03,1.1086965799331665,-1
2015-07-06,1.0995051860809326,-1
2015-07-07,1.1048991680145264,-1
2015-07-08,1.1009942293167114,-1
2015-07-09,1.1071009635925293,-1
2015-07-10,1.1063048839569092,-1
2015-07-13,1.1129041910171509,-1
2015-07-14,1.099045991897583,-1
2015-07-15,1.1008002758026123,-1
2015-07-16,1.0943553447723389,-1
2015-07-17,1.0886012315750122,-1
2015-07-20,1.0830246210098267,-1
2015-07-21,1.0835410356521606,-1
2015-07-22,1.0939961671829224,-1
2015-07-23,1.0927051305770874,-1
2015-07-24,1.0989010334014893,-1
2015-07-27,1.0972371101379395,-1
2015-07-28,1.109004020690918,-1
2015-07-29,1.1065986156463623,-1
2015-07-30,1.098406195640564,-1
2015-07-31,1.0939244031906128,-1
2015-08-03,1.0969001054763794,-1
2015-08-04,1.09560227394104,-1
2015-08-05,1.0888975858688354,-1
2015-08-06,1.0903104543685913,-1
2015-08-07,1.0927051305770874,-1
2015-08-10,1.0965032577514648,-1
2015-08-11,1.1016976833343506,-1
2015-08-12,1.104203701019287,-1
2015-08-13,1.1160963773727417,-1
2015-08-14,1.1160963773727417,-1
2015-08-17,1.1092993021011353,-1
2015-08-18,1.107800006866455,-1
2015-08-19,1.1030831336975098,-1
2015-08-20,1.1118029356002808,-1
2015-08-21,1.1236965656280518,-1
2015-08-24,1.1376951932907104,-1
2015-08-25,1.1583056449890137,-1
2015-08-26,1.1550945043563843,-1
2015-08-27,1.1340054273605347,-1
2015-08-28,1.1247961521148682,-1
2015-08-31,1.1214030981063843,-1
2015-09-01,1.1225864887237549,-1
2015-09-02,1.1293437480926514,-1
2015-09-03,1.121604323387146,-1
2015-09-04,1.1125946044921875,-1
2015-09-07,1.115200161933899,-1
2015-09-08,1.1163954734802246,-1
2015-09-09,1.1207369565963745,-1
2015-09-10,1.1220699548721313,-1
2015-09-11,1.1290887594223022,-1
2015-09-14,1.1344043016433716,-1
2015-09-15,1.1307612657546997,-1
2015-09-16,1.1271796226501465,-1
2015-09-17,1.12920343875885,-1
2015-09-18,1.1400948762893677,-1
2015-09-21,1.12920343875885,-1
2015-09-22,1.1190940141677856,-1
2015-09-23,1.1120749711990356,-1
2015-09-24,1.1189937591552734,-1
2015-09-25,1.1178929805755615,-1
2015-09-28,1.1201720237731934,-1
2015-09-29,1.123103380203247,-1
2015-09-30,1.1255937814712524,-1
2015-10-01,1.11720609664917,-1
2015-10-02,1.1193444728851318,-1
2015-10-05,1.1226998567581177,-1
2015-10-06,1.1195199489593506,-1
2015-10-07,1.1267986297607422,-1
2015-10-08,1.1239995956420898,-1
2015-10-09,1.1286935806274414,-1
2015-10-12,1.1369967460632324,-1
2015-10-13,1.135550618171692,-1
2015-10-14,1.138498306274414,-1
2015-10-15,1.147552251815796,-1
2015-10-16,1.1368157863616943,-1
2015-10-19,1.1361054182052612,-1
2015-10-20,1.132900595664978,-1
2015-10-21,1.1353960037231445,-1
2015-10-22,1.134803295135498,-1
2015-10-23,1.108094573020935,-1
2015-10-26,1.1020376682281494,-1
2015-10-27,1.1065986156463623,-1
2015-10-28,1.1037039756774902,-1
2015-10-29,1.0928961038589478,-1
2015-10-30,1.0993843078613281,-1
2015-11-02,1.102596640586853,-1
2015-11-03,1.1016006469726562,-1
2015-11-04,1.0963950157165527,-1
2015-11-05,1.0868029594421387,-1
2015-11-06,1.0883997678756714,-1
2015-11-09,1.0733413696289062,-1
2015-11-10,1.0759514570236206,-1
2015-11-11,1.0737563371658325,-1
2015-11-12,1.0762988328933716,-1
2015-11-13,1.0815019607543945,-1
2015-11-16,1.06999933719635,-1
2015-11-17,1.068798542022705,-1
2015-11-18,1.0643846988677979,-1
2015-11-19,1.066996693611145,-1
2015-11-20,1.0726161003112793,-1
2015-11-23,1.0641014575958252,-1
2015-11-24,1.0642033815383911,-1
2015-11-25,1.0643846988677979,-1
2015-11-26,1.0624960660934448,-1
2015-11-27,1.0604453086853027,-1
2015-11-30,1.0583018064498901,-1
2015-12-01,1.0572947263717651,-1
2015-12-02,1.0625863075256348,-1
2015-12-03,1.0613007545471191,-1
2015-12-04,1.0915957689285278,-1
2015-12-07,1.0883997678756714,-1
2015-12-08,1.0834001302719116,-1
2015-12-09,1.0893957614898682,-1
2015-12-10,1.1017948389053345,-1
2015-12-11,1.0948106050491333,-1
2015-12-14,1.0983941555023193,-1
2015-12-15,1.0992997884750366,-1
2015-12-16,1.0936251878738403,-1
2015-12-17,1.087453007698059,-1
2015-12-18,1.0844104290008545,-1
2015-12-21,1.0869920253753662,-1
2015-12-22,1.09129798412323,-1
2015-12-23,1.0950024127960205,-1
2015-12-24,1.0909169912338257,-1
2015-12-25,1.0969964265823364,-1
2015-12-28,1.0965994596481323,-1
2015-12-29,1.0975261926651,-1
2015-12-30,1.0928006172180176,-1
2015-12-31,1.093398094177246,-1
2016-01-01,1.0859060287475586,-1
2016-01-04,1.0853991508483887,-1
2016-01-05,1.0827549695968628,-1
2016-01-06,1.0751993656158447,-1
2016-01-07,1.0778998136520386,-1
2016-01-08,1.0925976037979126,-1
2016-01-11,1.0941038131713867,-1
2016-01-12,1.0857999324798584,-1
2016-01-13,1.0843987464904785,-1
2016-01-14,1.0886012315750122,-1
2016-01-15,1.085894227027893,-1
2016-01-18,1.0920010805130005,-1
2016-01-19,1.0895025730133057,-1
2016-01-20,1.09129798412323,-1
2016-01-21,1.0877013206481934,-1
2016-01-22,1.0862009525299072,-1
2016-01-25,1.079901933670044,-1
2016-01-26,1.0853049755096436,-1
2016-01-27,1.0864958763122559,-1
2016-01-28,1.090798020362854,-1
2016-01-29,1.0936970710754395,-1
2016-02-01,1.0825908184051514,-1
2016-02-02,1.0897282361984253,-1
2016-02-03,1.0922038555145264,-1
2016-02-04,1.1091023683547974,-1
2016-02-05,1.119996428489685,-1
2016-02-08,1.114504098892212,-1
2016-02-09,1.1189812421798706,-1
2016-02-10,1.1289994716644287,-1
2016-02-11,1.128095269203186,-1
2016-02-12,1.1317979097366333,-1
2016-02-15,1.1225990056991577,-1
2016-02-16,1.1174057722091675,-1
2016-02-17,1.1147029399871826,-1
2016-02-18,1.112297534942627,-1
2016-02-19,1.1110987663269043,-1
2016-02-22,1.1123965978622437,-1
2016-02-23,1.102803349494934,-1
2016-02-24,1.1027060747146606,-1
2016-02-25,1.1013944149017334,-1
2016-02-26,1.1024993658065796,-1
2016-02-29,1.0923947095870972,-1
2016-03-01,1.0888975858688354,-1
2016-03-02,1.0875948667526245,-1
2016-03-03,1.086897373199463,-1
2016-03-04,1.094894528388977,-1
2016-03-07,1.0993964672088623,-1
2016-03-08,1.1016006469726562,-1
2016-03-09,1.1004005670547485,-1
2016-03-10,1.0989010334014893,-1
2016-03-11,1.1178430318832397,-1
2016-03-14,1.1167943477630615,-1
2016-03-15,1.1101982593536377,-1
2016-03-16,1.1109012365341187,-1
2016-03-17,1.1218937635421753,1
2016-03-18,1.1317979097366333,1
2016-03-21,1.1279042959213257,1
2016-03-22,1.1235954761505127,1
2016-03-23,1.122296690940857,1
2016-03-24,1.118105411529541,1
2016-03-25,1.1167943477630615,1
2016-03-28,1.1159967184066772,1
2016-03-29,1.1202723979949951,1
2016-03-30,1.12920343875885,1
2016-03-31,1.1334655284881592,1
2016-04-01,1.1379671096801758,1
2016-04-04,1.1390039920806885,1
2016-04-05,1.1389002799987793,1
2016-04-06,1.138200283050537,1
2016-04-07,1.1404979228973389,1
2016-04-08,1.1373976469039917,1
2016-04-11,1.1403028964996338,1
2016-04-12,1.141291856765747,1
2016-04-13,1.138498306274414,1
2016-04-14,1.1279042959213257,1
2016-04-15,1.1270017623901367,1
2016-04-18,1.1299946308135986,1
2016-04-19,1.1309019327163696,1
2016-04-20,1.1359634399414062,1
2016-04-21,1.1305055618286133,1
2016-04-22,1.12920343875885,1
2016-04-25,1.123406171798706,1
2016-04-26,1.1269001960754395,1
2016-04-27,1.1299052238464355,1
2016-04-28,1.132900595664978,1
2016-04-29,1.135589361190796,1
2016-05-02,1.146302580833435,1
2016-05-03,1.1524986028671265,1
2016-05-04,1.1504037380218506,1
2016-05-05,1.1493064165115356,1
2016-05-06,1.1406019926071167,1
2016-05-09,1.1387965679168701,1
2016-05-10,1.1387965679168701,1
2016-05-11,1.1374363899230957,1
2016-05-12,1.142700433731079,1
2016-05-13,1.1376951932907104,1
2016-05-16,1.1316953897476196,1
2016-05-17,1.1316057443618774,1
2016-05-18,1.1316057443618774,1
2016-05-19,1.122296690940857,1
2016-05-20,1.1205987930297852,1
2016-05-23,1.1221708059310913,1
2016-05-24,1.121604323387146,1
2016-05-25,1.113796591758728,1
2016-05-26,1.1158970594406128,1
2016-05-27,1.1192066669464111,1
2016-05-30,1.1110000610351562,1
2016-05-31,1.1148396730422974,1
2016-06-01,1.113598108291626,1
2016-06-02,1.1189061403274536,1
2016-06-03,1.115200161933899,1
2016-06-06,1.1350995302200317,1
2016-06-07,1.1364023685455322,1
2016-06-08,1.1357828378677368,1
2016-06-09,1.140706181526184,1
2016-06-10,1.1315033435821533,1
2016-06-13,1.1239995956420898,1
2016-06-14,1.1291015148162842,1
2016-06-15,1.1213024854660034,1
2016-06-16,1.1262656450271606,1
2016-06-17,1.1252011060714722,1
2016-06-20,1.13490629196167,1
2016-06-21,1.1322976350784302,1
2016-06-22,1.1250618696212769,1
2016-06-23,1.1328235864639282,1
2016-06-24,1.1324002742767334,1
2016-06-27,1.103594422340393,1
2016-06-28,1.1015034914016724,1
2016-06-29,1.1073951721191406,1
2016-06-30,1.1128050088882446,1
2016-07-01,1.1106051206588745,1
2016-07-04,1.1131023168563843,1
2016-07-05,1.1146035194396973,1
2016-07-06,1.1065007448196411,1
2016-07-07,1.1099025011062622,1
2016-07-08,1.1065741777420044,1
2016-07-11,1.1043988466262817,1
2016-07-12,1.1058032512664795,1
2016-07-13,1.1062926054000854,1
2016-07-14,1.1094961166381836,1
2016-07-15,1.1106051206588745,1
2016-07-18,1.1053143739700317,1
2016-07-19,1.1071866750717163,1
2016-07-20,1.1013579368591309,1
2016-07-21,1.1019526720046997,1
2016-07-22,1.1032899618148804,1
2016-07-25,1.097044587135315,1
2016-07-26,1.0991184711456299,1
2016-07-27,1.0987803936004639,1
2016-07-28,1.1073460578918457,1
2016-07-29,1.108438491821289,1
2016-08-01,1.1168068647384644,1
2016-08-02,1.1168068647384644,1
2016-08-03,1.1219062805175781,1
2016-08-04,1.1151504516601562,1
2016-08-05,1.1134741306304932,1
2016-08-08,1.1089547872543335,1
2016-08-09,1.1083648204803467,1
2016-08-10,1.111580491065979,1
2016-08-11,1.1186434030532837,1
2016-08-12,1.113908290863037,1
2016-08-15,1.1166945695877075,1
2016-08-16,1.1184055805206299,1
2016-08-17,1.1275991201400757,1
2016-08-18,1.1298924684524536,1
2016-08-19,1.1349449157714844,1
2016-08-22,1.1298158168792725,1
2016-08-23,1.1319260597229004,1
2016-08-24,1.1300839185714722,1
2016-08-25,1.1263798475265503,1
2016-08-26,1.1290504932403564,1
2016-08-29,1.1199462413787842,1
2016-08-30,1.1192818880081177,1
2016-08-31,1.1153244972229004,1
2016-09-01,1.116071343421936,1
2016-09-02,1.1200717687606812,1
2016-09-05,1.1161960363388062,1
2016-09-06,1.1153244972229004,1
2016-09-07,1.1253657341003418,1
2016-09-08,1.1241008043289185,1
2016-09-09,1.1271415948867798,1
2016-09-12,1.1241133213043213,1
2016-09-13,1.1243535280227661,1
2016-09-14,1.12186861038208,1
2016-09-15,1.1247328519821167,1
2016-09-16,1.124593734741211,1
2016-09-19,1.1158473491668701,1
2016-09-20,1.118067979812622,1
2016-09-21,1.1153992414474487,1
2016-09-22,1.1193194389343262,1
2016-09-23,1.1210134029388428,1
2016-09-26,1.123923897743225,1
2016-09-27,1.124985933303833,1
2016-09-28,1.121956706047058,1
2016-09-29,1.1224982738494873,1
2016-09-30,1.121956706047058,1
2016-10-03,1.1234692335128784,1
2016-10-04,1.121038556098938,1
2016-10-05,1.121076226234436,1
2016-10-06,1.120824933052063,1
2016-10-07,1.1144545078277588,1
2016-10-10,1.1196954250335693,1
2016-10-11,1.1140819787979126,1
2016-10-12,1.1061947345733643,1
2016-10-13,1.1011881828308105,1
2016-10-14,1.1049723625183105,1
2016-10-17,1.0967799425125122,1
2016-10-18,1.1015641689300537,1
2016-10-19,1.0976948738098145,1
2016-10-20,1.0975141525268555,1
2016-10-21,1.0930395126342773,1
2016-10-24,1.0882576704025269,1
2016-10-25,1.0875475406646729,1
2016-10-26,1.0887316465377808,1
2016-10-27,1.091202735900879,1
2016-10-28,1.0900371074676514,1
2016-10-31,1.0984665155410767,1
2016-11-01,1.0973334312438965,1
2016-11-02,1.1057054996490479,1
2016-11-03,1.1097548007965088,1
2016-11-04,1.1102476119995117,1
2016-11-07,1.1101243495941162,-1
2016-11-08,1.1052166223526,-1
2016-11-09,1.1019041538238525,-1
2016-11-10,1.0920606851577759,-1
2016-11-11,1.0889687538146973,-1
2016-11-14,1.0824854373931885,-1
2016-11-15,1.0750375986099243,-1
2016-11-16,1.0727311372756958,-1
2016-11-17,1.0706638097763062,-1
2016-11-18,1.062304139137268,-1
2016-11-21,1.0584250688552856,-1
2016-11-22,1.0638864040374756,-1
2016-11-23,1.0633772611618042,-1
2016-11-24,1.0545185804367065,-1
2016-11-25,1.0561892986297607,-1
2016-11-28,1.0612331628799438,-1
2016-11-29,1.062134861946106,-1
2016-11-30,1.0648492574691772,-1
2016-12-01,1.0592098236083984,-1
2016-12-02,1.0663141012191772,-1
2016-12-05,1.0582010746002197,-1
2016-12-06,1.0757315158843994,-1
2016-12-07,1.0720411539077759,-1
2016-12-08,1.0761945247650146,-1
2016-12-09,1.062134861946106,-1
2016-12-12,1.0547411441802979,-1
2016-12-13,1.0641694068908691,-1
2016-12-14,1.062925100326538,-1
2016-12-15,1.051414132118225,-1
2016-12-16,1.0418837070465088,-1
2016-12-19,1.0449975728988647,-1
2016-12-20,1.0405826568603516,-1
2016-12-21,1.039047360420227,-1
2016-12-22,1.0428615808486938,-1
2016-12-23,1.0437650680541992,-1
2016-12-26,1.045478343963623,-1
2016-12-27,1.0456969738006592,-1
2016-12-28,1.046233057975769,-1
2016-12-29,1.0416991710662842,-1
2016-12-30,1.0575296878814697,-1
2017-01-02,1.052698016166687,-1
2017-01-03,1.0460032224655151,-1
2017-01-04,1.0419923067092896,-1
2017-01-05,1.0500892400741577,-1
2017-01-06,1.0605915784835815,-1
2017-01-09,1.0531858205795288,-1
2017-01-10,1.0588620901107788,-1
2017-01-11,1.0552419424057007,-1
2017-01-12,1.0597710609436035,-1
2017-01-13,1.0616837739944458,-1
2017-01-16,1.0628687143325806,-1
2017-01-17,1.0602991580963135,-1
2017-01-18,1.0696789026260376,-1
2017-01-19,1.062778353691101,-1
2017-01-20,1.0659730434417725,-1
2017-01-23,1.0713750123977661,-1
2017-01-24,1.0760787725448608,-1
2017-01-25,1.0728693008422852,-1
2017-01-26,1.0751993656158447,-1
2017-01-27,1.068296194076538,-1
2017-01-30,1.0713980197906494,-1
2017-01-31,1.0708587169647217,-1
2017-02-01,1.0803803205490112,-1
2017-02-02,1.0767391920089722,-1
2017-02-03,1.0761713981628418,-1
2017-02-06,1.0782949924468994,-1
2017-02-07,1.0743216276168823,-1
2017-02-08,1.0678056478500366,-1
2017-02-09,1.0692213773727417,-1
2017-02-10,1.0658594369888306,-1
2017-02-13,1.061954379081726,-1
2017-02-14,1.059849739074707,-1
2017-02-15,1.0578316450119019,-1
2017-02-16,1.0607378482818604,-1
2017-02-17,1.0672245025634766,-1
2017-02-20,1.062665343284607,-1
2017-02-21,1.0609403848648071,-1
2017-02-22,1.0542073249816895,-1
2017-02-23,1.0554089546203613,-1
2017-02-24,1.0584474802017212,-1
2017-02-27,1.055275321006775,-1
2017-02-28,1.0584250688552856,-1
2017-03-01,1.0569148063659668,-1
2017-03-02,1.0535852909088135,-1
2017-03-03,1.0509721040725708,-1
2017-03-06,1.062044620513916,-1
2017-03-07,1.0579211711883545,-1
2017-03-08,1.0570154190063477,-1
2017-03-09,1.0547411441802979,-1
2017-03-10,1.0578428506851196,-1
2017-03-13,1.0690041780471802,-1
2017-03-14,1.0651443004608154,-1
2017-03-15,1.0612443685531616,-1
2017-03-16,1.0737909078598022,-1
2017-03-17,1.077470064163208,-1
2017-03-20,1.0742985010147095,-1
2017-03-21,1.073767900466919,-1
2017-03-22,1.081244707107544,-1
2017-03-23,1.0790164470672607,-1
2017-03-24,1.0783880949020386,-1
2017-03-27,1.0849517583847046,-1
2017-03-28,1.0860947370529175,-1
2017-03-29,1.0817711353302002,-1
2017-03-30,1.0759629011154175,-1
2017-03-31,1.0687072277069092,-1
2017-04-03,1.0668829679489136,-1
2017-04-04,1.067008137702942,-1
2017-04-05,1.0680338144302368,-1
2017-04-06,1.0672472715377808,-1
2017-04-07,1.0644639730453491,-1
2017-04-10,1.0582010746002197,-1
2017-04-11,1.0597598552703857,-1
2017-04-12,1.0611318349838257,-1
2017-04-13,1.0670650005340576,-1
2017-04-14,1.0616387128829956,-1
2017-04-17,1.0610530376434326,-1
2017-04-18,1.0644525289535522,-1
2017-04-19,1.0728693008422852,-1
2017-04-20,1.0715012550354004,-1
2017-04-21,1.0714898109436035,-1
2017-04-24,1.087393879890442,-1
2017-04-25,1.0864840745925903,-1
2017-04-26,1.0928245782852173,-1
2017-04-27,1.090893268585205,-1
2017-04-28,1.0864251852035522,-1
2017-05-01,1.0907504558563232,-1
2017-05-02,1.090893268585205,-1
2017-05-03,1.0935654640197754,-1
2017-05-04,1.0888975858688354,-1
2017-05-05,1.098152995109558,-1
2017-05-08,1.0965152978897095,-1
2017-05-09,1.0927767753601074,-1
2017-05-10,1.0886842012405396,-1
2017-05-11,1.087074637413025,-1
2017-05-12,1.0864958763122559,-1
2017-05-15,1.0927289724349976,-1
2017-05-16,1.0981770753860474,-1
2017-05-17,1.1093976497650146,-1
2017-05-18,1.115635633468628,-1
2017-05-19,1.1113580465316772,-1
2017-05-22,1.120485782623291,-1
2017-05-23,1.123885989189148,-1
2017-05-24,1.11793053150177,-1
2017-05-25,1.1230907440185547,-1
2017-05-26,1.121076226234436,-1
2017-05-29,1.1176055669784546,-1
2017-05-30,1.1129041910171509,-1
2017-05-31,1.117168664932251,1
2017-06-01,1.1243535280227661,1
2017-06-02,1.1215791702270508,1
2017-06-05,1.128082513809204,1
2017-06-06,1.1256824731826782,1
2017-06-07,1.1271415948867798,1
2017-06-08,1.125517725944519,1
2017-06-09,1.1184805631637573,1
2017-06-12,1.1201971769332886,1
2017-06-13,1.1196202039718628,1
2017-06-14,1.1208877563476562,1
2017-06-15,1.1215791702270508,1
2017-06-16,1.1146905422210693,1
2017-06-19,1.120824933052063,1
2017-06-20,1.1144545078277588,1
2017-06-21,1.1136974096298218,1
2017-06-22,1.1167196035385132,1
2017-06-23,1.1149640083312988,1
2017-06-26,1.1198835372924805,1
2017-06-27,1.118355631828308,1
2017-06-28,1.1339154243469238,1
2017-06-29,1.1382650136947632,1
2017-06-30,1.144164800643921,1
2017-07-03,1.1423088312149048,1
2017-07-04,1.1371389627456665,1
2017-07-05,1.1360150575637817,1
2017-07-06,1.1346874237060547,1
2017-07-07,1.1424784660339355,1
2017-07-10,1.140380859375,1
2017-07-12,1.1473942995071411,1
2017-07-13,1.1418914794921875,1
2017-07-14,1.140393853187561,1
2017-07-17,1.1475391387939453,1
2017-07-18,1.1474337577819824,1
2017-07-19,1.1549744606018066,1
2017-07-20,1.1528440713882446,1
2017-07-21,1.1628718376159668,1
2017-07-24,1.1681697368621826,1
2017-07-25,1.1638869047164917,1
2017-07-26,1.1644561290740967,1
2017-07-27,1.1728004217147827,1
2017-07-28,1.1688660383224487,1
2017-07-31,1.1747292280197144,1
2017-08-01,1.182410478591919,1
2017-08-02,1.1811256408691406,1
2017-08-03,1.1851149797439575,1
2017-08-04,1.1884952783584595,1
2017-08-07,1.1778424978256226,1
2017-08-08,1.1800941228866577,1
2017-08-09,1.1754610538482666,1
2017-08-10,1.1761523485183716,1
2017-08-11,1.177024483680725,1
2017-08-14,1.182550311088562,1
2017-08-15,1.1775789260864258,1
2017-08-16,1.1741223335266113,1
2017-08-17,1.1774264574050903,1
2017-08-18,1.1715501546859741,1
2017-08-21,1.1756268739700317,1
2017-08-22,1.1811953783035278,1
2017-08-23,1.176221489906311,1
2017-08-24,1.1816558837890625,1
2017-08-25,1.1802195310592651,1
2017-08-28,1.1951857805252075,1
2017-08-29,1.1963869333267212,1
2017-08-30,1.1970456838607788,1
2017-08-31,1.1893434524536133,1
2017-09-01,1.1910432577133179,1
2017-09-04,1.1882835626602173,1
2017-09-05,1.1893434524536133,1
2017-09-06,1.1924067735671997,1
2017-09-07,1.1927765607833862,1
2017-09-08,1.2029062509536743,1
2017-09-11,1.2017642259597778,1
2017-09-12,1.1959433555603027,1
2017-09-13,1.1974613666534424,1
2017-09-14,1.1890605688095093,1
2017-09-15,1.1921650171279907,1
2017-09-18,1.193716287612915,1
2017-09-19,1.1959290504455566,1
2017-09-20,1.199256420135498,1
2017-09-21,1.1872113943099976,1
2017-09-22,1.194557547569275,1
2017-09-25,1.1927196979522705,1
2017-09-26,1.185564637184143,1
2017-09-27,1.1786059141159058,1
2017-09-28,1.1749638319015503,1
2017-09-29,1.178175449371338,1
2017-10-02,1.1807351112365723,1
2017-10-03,1.173378348350525,1
2017-10-04,1.1747568845748901,1
2017-10-05,1.175723671913147,1
2017-10-06,1.1712344884872437,1
2017-10-09,1.1742464303970337,1
2017-10-10,1.1741636991500854,1
2017-10-11,1.1814883947372437,1
2017-10-12,1.1865493059158325,1
2017-10-13,1.1831799745559692,1
2017-10-16,1.181404709815979,1
2017-10-17,1.1794538497924805,1
2017-10-18,1.1771907806396484,1
2017-10-19,1.1795234680175781,1
2017-10-20,1.184805989265442,1
2017-10-23,1.175364375114441,1
2017-10-24,1.1759172677993774,1
2017-10-25,1.1759034395217896,1
2017-10-26,1.182075023651123,1
2017-10-27,1.163724422454834,1
2017-10-30,1.1604562997817993,1
2017-10-31,1.1652703285217285,1
2017-11-01,1.165175199508667,1
2017-11-02,1.1628718376159668,1
2017-11-03,1.1661807298660278,1
2017-11-06,1.1614941358566284,1
2017-11-07,1.1612648963928223,1
2017-11-08,1.1601063013076782,1
2017-11-09,1.15968918800354,1
2017-11-10,1.164686679840088,1
2017-11-13,1.1661127805709839,1
2017-11-14,1.1664936542510986,1
2017-11-15,1.1792869567871094,1
2017-11-17,1.1777453422546387,1
2017-11-20,1.1731857061386108,1
2017-11-21,1.1741223335266113,1
2017-11-22,1.173722743988037,1
2017-11-23,1.1814744472503662,1
2017-11-24,1.1853959560394287,1
2017-11-27,1.1926485300064087,1
2017-11-28,1.1904903650283813,1
2017-11-29,1.184805989265442,1
2017-11-30,1.18519926071167,1
2017-12-01,1.1898245811462402,1
2017-12-04,1.1859863996505737,1
2017-12-05,1.1867746114730835,1
2017-12-06,1.1832919120788574,1
2017-12-07,1.1804285049438477,1
2017-12-08,1.1772184371948242,1
2017-12-11,1.1769968271255493,1
2017-12-12,1.1777591705322266,1
2017-12-13,1.1742602586746216,1
2017-12-14,1.1835860013961792,1
2017-12-15,1.1774957180023193,1
2017-12-18,1.1743566989898682,1
2017-12-19,1.1784253120422363,1
2017-12-20,1.1841325759887695,1
2017-12-21,1.1878176927566528,1
2017-12-22,1.1857331991195679,1
2017-12-25,1.1856067180633545,1
2017-12-26,1.187253713607788,1
2017-12-27,1.1857894659042358,1
2017-12-28,1.1900794506072998,1
2017-12-29,1.1941723823547363,1
2018-01-01,1.200494647026062,1
2018-01-02,1.2011579275131226,1
2018-01-03,1.2063454389572144,1
2018-01-04,1.2010425329208374,1
2018-01-05,1.2068840265274048,1
2018-01-08,1.2037460803985596,1
2018-01-09,1.1970456838607788,1
2018-01-10,1.1929330825805664,1
2018-01-11,1.1956144571304321,1
2018-01-12,1.2042099237442017,1
2018-01-15,1.2192296981811523,1
2018-01-16,1.2268433570861816,1
2018-01-17,1.227129340171814,1
2018-01-18,1.218397855758667,1
2018-01-19,1.2236607074737549,1
2018-01-22,1.2255502939224243,1
2018-01-23,1.2256253957748413,1
2018-01-24,1.2310267686843872,1
2018-01-25,1.239111304283142,1
2018-01-26,1.239234209060669,1
2018-01-29,1.2428072690963745,1
2018-01-30,1.2381141185760498,1
2018-01-31,1.2409565448760986,1
2018-02-01,1.241865873336792,1
2018-02-02,1.2510008811950684,1
2018-02-05,1.244694471359253,1
2018-02-06,1.2367818355560303,1
2018-02-07,1.2381294965744019,1
2018-02-08,1.2268133163452148,1
2018-02-09,1.2260762453079224,1
2018-02-12,1.2252799272537231,1
2018-02-13,1.2303755283355713,1
2018-02-14,1.235376238822937,1
2018-02-15,1.2467273473739624,1
2018-02-16,1.2503595352172852,1
2018-02-19,1.241187572479248,1
2018-02-20,1.2398641109466553,1
2018-02-21,1.233532428741455,1
2018-02-22,1.2281843423843384,1
2018-02-23,1.2326656579971313,1
2018-02-26,1.228712558746338,1
2018-02-27,1.2315573692321777,1
2018-02-28,1.2230321168899536,1
2018-03-01,1.2191256284713745,1
2018-03-02,1.2270842790603638,1
2018-03-05,1.2315422296524048,1
2018-03-06,1.2336541414260864,1
2018-03-07,1.2416653633117676,1
2018-03-08,1.2414649724960327,1
2018-03-09,1.2306632995605469,1
2018-03-12,1.2308752536773682,1
2018-03-13,1.2339584827423096,1
2018-03-14,1.239234209060669,1
2018-03-15,1.2375624179840088,1
2018-03-16,1.2309207916259766,1
2018-03-19,1.228078842163086,1
2018-03-20,1.2336845397949219,1
2018-03-21,1.2251899242401123,1
2018-03-22,1.2347661256790161,1
2018-03-23,1.2324985265731812,1
2018-03-26,1.235437273979187,1
2018-03-27,1.2457488775253296,1
2018-03-28,1.240787148475647,1
2018-03-29,1.2310267686843872,1
2018-03-30,1.2302846908569336,1
2018-04-02,1.231420874595642,1
2018-04-03,1.229271411895752,1
2018-04-04,1.2278525829315186,1
2018-04-05,1.228682279586792,1
2018-04-06,1.2251598834991455,1
2018-04-09,1.227144479751587,1
2018-04-10,1.2322403192520142,1
2018-04-11,1.2363078594207764,1
2018-04-12,1.2371643781661987,1
2018-04-13,1.2329696416854858,1
2018-04-16,1.233258605003357,1
2018-04-17,1.2385127544403076,1
2018-04-18,1.237317442893982,1
2018-04-19,1.237914800643921,1
2018-04-20,1.2345526218414307,1
2018-04-23,1.2273402214050293,1
2018-04-24,1.22089684009552,1
2018-04-25,1.2241400480270386,1
2018-04-26,1.2171669006347656,1
2018-04-27,1.2109616994857788,1
2018-04-30,1.2122827768325806,1
2018-05-01,1.2081234455108643,1
2018-05-02,1.1991558074951172,1
2018-05-03,1.19510018825531,1
2018-05-04,1.1989257335662842,1
2018-05-07,1.195500135421753,1
2018-05-08,1.1933743953704834,1
2018-05-09,1.1867886781692505,1
2018-05-10,1.184721827507019,1
2018-05-11,1.1917530298233032,1
2018-05-14,1.1952143907546997,1
2018-05-15,1.1931180953979492,1
2018-05-16,1.1820889711380005,1
2018-05-17,1.1816978454589844,1
2018-05-18,1.1795234680175781,1
2018-05-21,1.1766643524169922,1
2018-05-22,1.1792453527450562,1
2018-05-23,1.1788560152053833,1
2018-05-24,1.1710150241851807,1
2018-05-25,1.1722642183303833,1
2018-05-28,1.1688934564590454,1
2018-05-29,1.162696123123169,1
2018-05-30,1.1539349555969238,1
2018-05-31,1.1667250394821167,1
2018-06-01,1.1693171262741089,1
2018-06-04,1.1668611764907837,1
2018-06-05,1.1700559854507446,1
2018-06-06,1.1726216077804565,1
2018-06-07,1.178550362586975,1
2018-06-08,1.1795234680175781,1
2018-06-11,1.1783976554870605,1
2018-06-12,1.177412509918213,-1
2018-06-13,1.17482590675354,-1
2018-06-14,1.1807769536972046,-1
2018-06-15,1.1566576957702637,-1
2018-06-18,1.159595012664795,-1
2018-06-19,1.1630746126174927,-1
2018-06-20,1.1588560342788696,-1
2018-06-21,1.1579033136367798,-1
2018-06-22,1.1605775356292725,-1
2018-06-25,1.1661399602890015,-1
2018-06-26,1.1702749729156494,-1
2018-06-27,1.1650259494781494,-1
2018-06-28,1.1563634872436523,-1
2018-06-29,1.1562966108322144,-1
2018-07-02,1.1678558588027954,-1
2018-07-03,1.1642121076583862,-1
2018-07-04,1.1659224033355713,-1
2018-07-05,1.166235089302063,-1
2018-07-06,1.1695905923843384,-1
2018-07-09,1.1752262115478516,-1
2018-07-10,1.1756960153579712,-1
2018-07-11,1.1727042198181152,-1
2018-07-12,1.1676785945892334,-1
2018-07-13,1.1665889024734497,-1
2018-07-16,1.1679104566574097,-1
2018-07-17,1.170946478843689,-1
2018-07-18,1.1653246879577637,-1
2018-07-19,1.164564609527588,-1
2018-07-20,1.1655147075653076,-1
2018-07-23,1.1741912364959717,-1
2018-07-24,1.1694128513336182,-1
2018-07-25,1.1685519218444824,-1
2018-07-26,1.1737502813339233,-1
2018-07-27,1.1642934083938599,-1
2018-07-30,1.16604483127594,-1
2018-07-31,1.1707408428192139,-1
2018-08-01,1.168961763381958,-1
2018-08-02,1.1665889024734497,-1
2018-08-03,1.1586008071899414,-1
2018-08-06,1.1562297344207764,-1
2018-08-07,1.1558021306991577,-1
2018-08-08,1.1602946519851685,-1
2018-08-09,1.1610760688781738,-1
2018-08-10,1.1523923873901367,-1
2018-08-13,1.1394712924957275,-1
2018-08-14,1.1402509212493896,-1
2018-08-15,1.1345715522766113,-1
2018-08-16,1.134429931640625,-1
2018-08-17,1.1371389627456665,-1
2018-08-20,1.1437721252441406,-1
2018-08-21,1.149134635925293,-1
2018-08-22,1.1576753854751587,-1
2018-08-23,1.1584800481796265,-1
2018-08-24,1.154334545135498,-1
2018-08-27,1.164890170097351,-1
2018-08-28,1.1683608293533325,-1
2018-08-29,1.1691256761550903,-1
2018-08-30,1.1709738969802856,-1
2018-08-31,1.1664663553237915,-1
2018-09-03,1.1601063013076782,-1
2018-09-04,1.161548137664795,-1
2018-09-05,1.1586545705795288,-1
2018-09-06,1.1635212898254395,-1
2018-09-07,1.1620069742202759,-1
2018-09-10,1.1561094522476196,-1
2018-09-11,1.159595012664795,-1
2018-09-12,1.1596084833145142,-1
2018-09-13,1.1629259586334229,-1
2018-09-14,1.1691803932189941,-1
2018-09-17,1.1628988981246948,-1
2018-09-18,1.1669156551361084,-1
2018-09-19,1.167992353439331,-1
2018-09-20,1.167460560798645,-1
2018-09-21,1.1775927543640137,-1
2018-09-24,1.1751019954681396,-1
2018-09-25,1.175295352935791,-1
2018-09-26,1.1763184070587158,-1
2018-09-27,1.1748534440994263,-1
2018-09-28,1.1637378931045532,-1
2018-10-01,1.1605371236801147,-1
2018-10-02,1.157755732536316,-1
2018-10-03,1.1551746129989624,-1
2018-10-04,1.147631287574768,-1
2018-10-05,1.1518083810806274,-1
2018-10-08,1.1522595882415771,-1
2018-10-09,1.1494120359420776,-1
2018-10-10,1.1506949663162231,-1
2018-10-11,1.1533360481262207,-1
2018-10-12,1.1590440273284912,-1
2018-10-15,1.1551345586776733,-1
2018-10-16,1.1583458185195923,-1
2018-10-17,1.1575279235839844,-1
2018-10-18,1.1500862836837769,-1
2018-10-19,1.1460003852844238,-1
2018-10-22,1.1509466171264648,-1
2018-10-23,1.1467890739440918,-1
2018-10-24,1.147315263748169,-1
2018-10-25,1.1399258375167847,-1
2018-10-26,1.1377859115600586,-1
2018-10-29,1.1398738622665405,-1
2018-10-30,1.137617588043213,-1
2018-10-31,1.1346358060836792,-1
2018-11-01,1.1316697597503662,-1
2018-11-02,1.1403288841247559,-1
2018-11-05,1.1397570371627808,-1
2018-11-06,1.141291856765747,-1
2018-11-07,1.1438506841659546,-1
2018-11-08,1.1434059143066406,-1
2018-11-09,1.1368415355682373,-1
2018-11-12,1.132502794265747,-1
2018-11-13,1.1233429908752441,-1
2018-11-14,1.1311193704605103,-1
2018-11-15,1.131183385848999,-1
2018-11-16,1.1324899196624756,-1
2018-11-19,1.141396164894104,-1
2018-11-20,1.1455016136169434,-1
2018-11-21,1.1372424364089966,-1
2018-11-22,1.1388354301452637,-1
2018-11-23,1.1403158903121948,-1
2018-11-26,1.1337354183197021,-1
2018-11-27,1.1333370208740234,-1
2018-11-28,1.1298797130584717,-1
2018-11-29,1.1368545293807983,-1
2018-11-30,1.1392766237258911,-1
2018-12-03,1.1342240571975708,-1
2018-12-04,1.135486125946045,-1
2018-12-05,1.1342884302139282,-1
2018-12-06,1.13490629196167,-1
2018-12-07,1.1374752521514893,-1
2018-12-10,1.1400948762893677,-1
2018-12-11,1.1356538534164429,-1
2018-12-12,1.1323105096817017,-1
2018-12-13,1.1373459100723267,-1
2018-12-14,1.1363636255264282,-1
2018-12-17,1.1305949687957764,-1
2018-12-18,1.1349835395812988,-1
2018-12-19,1.1375399827957153,-1
2018-12-20,1.1389521360397339,-1
2018-12-21,1.1456853151321411,-1
2018-12-24,1.1372811794281006,-1
2018-12-25,1.140393853187561,-1
2018-12-26,1.1415525674819946,-1
2018-12-27,1.1361312866210938,-1
2018-12-28,1.143105387687683,-1
2018-12-31,1.1439945697784424,-1
2019-01-01,1.1493064165115356,-1
2019-01-02,1.14617121219635,-1
2019-01-03,1.1318106651306152,-1
2019-01-04,1.1391078233718872,-1
2019-01-07,1.1410444974899292,-1
2019-01-08,1.1479737758636475,-1
2019-01-09,1.1456066370010376,-1
2019-01-10,1.1554949283599854,-1
2019-01-11,1.151012897491455,-1
2019-01-14,1.146013617515564,-1
2019-01-15,1.1472889184951782,-1
2019-01-16,1.1416828632354736,-1
2019-01-17,1.1398088932037354,-1
2019-01-18,1.13926362991333,-1
2019-01-21,1.1365574598312378,-1
2019-01-22,1.136932134628296,-1
2019-01-23,1.1364023685455322,-1
2019-01-24,1.1388224363327026,-1
2019-01-25,1.1313496828079224,-1
2019-01-28,1.1413049697875977,-1
2019-01-29,1.143000841140747,-1
2019-01-30,1.1435366868972778,-1
2019-01-31,1.1487650871276855,-1
2019-02-01,1.1449507474899292,-1
2019-02-04,1.1455278396606445,-1
2019-02-05,1.1436283588409424,-1
2019-02-06,1.140992522239685,-1
2019-02-07,1.1365960836410522,-1
2019-02-08,1.1338768005371094,-1
2019-02-11,1.1324259042739868,-1
2019-02-12,1.1279042959213257,-1
2019-02-13,1.1334655284881592,-1
2019-02-14,1.12649405002594,-1
2019-02-15,1.1295350790023804,-1
2019-02-18,1.1298030614852905,-1
2019-02-19,1.131196141242981,-1
2019-02-20,1.1343011856079102,-1
2019-02-21,1.1346358060836792,-1
2019-02-22,1.1343011856079102,-1
2019-02-25,1.1342240571975708,-1
2019-02-26,1.1367511749267578,-1
2019-02-27,1.1393154859542847,-1
2019-02-28,1.1380189657211304,-1
2019-03-01,1.1373459100723267,-1
2019-03-04,1.1375917196273804,-1
2019-03-05,1.1337354183197021,-1
2019-03-06,1.1307101249694824,-1
2019-03-07,1.1314009428024292,-1
2019-03-08,1.1198333501815796,-1
2019-03-11,1.1232421398162842,-1
2019-03-12,1.1259232759475708,-1
2019-03-13,1.1287446022033691,-1
2019-03-14,1.133105993270874,-1
2019-03-15,1.1308379173278809,-1
2019-03-18,1.1319772005081177,-1
2019-03-19,1.133619785308838,-1
2019-03-20,1.135486125946045,-1
2019-03-21,1.1427918672561646,-1
2019-03-22,1.1375011205673218,-1
2019-03-25,1.129586100578308,-1
2019-03-26,1.131580114364624,-1
2019-03-27,1.127484679222107,-1
2019-03-28,1.1251758337020874,-1
2019-03-29,1.1230024099349976,-1
2019-04-01,1.1223849058151245,-1
2019-04-02,1.1205737590789795,-1
2019-04-03,1.1203854084014893,-1
2019-04-04,1.1246949434280396,-1
2019-04-05,1.1225864887237549,-1
2019-04-08,1.121956706047058,-1
2019-04-09,1.1256444454193115,-1
2019-04-10,1.126697063446045,-1
2019-04-11,1.1276500225067139,-1
2019-04-12,1.1260753870010376,-1
2019-04-15,1.1305055618286133,-1
2019-04-16,1.1304928064346313,-1
2019-04-17,1.128502607345581,-1
2019-04-18,1.129713773727417,-1
2019-04-19,1.1235954761505127,-1
2019-04-22,1.1244546175003052,-1
2019-04-23,1.1258978843688965,-1
2019-04-24,1.122435212135315,-1
2019-04-25,1.1153494119644165,-1
2019-04-26,1.113684892654419,-1
2019-04-29,1.1150261163711548,-1
2019-04-30,1.1185182332992554,-1
2019-05-01,1.121604323387146,-1
2019-05-02,1.1200841665267944,-1
2019-05-03,1.1173559427261353,-1
2019-05-06,1.1185808181762695,-1
2019-05-07,1.1201846599578857,-1
2019-05-08,1.1191065311431885,-1
2019-05-09,1.1198333501815796,-1
2019-05-10,1.1222084760665894,-1
2019-05-13,1.1236460208892822,-1
2019-05-14,1.1232547760009766,-1
2019-05-15,1.1204482316970825,-1
2019-05-16,1.1207244396209717,-1
2019-05-17,1.1173559427261353,-1
2019-05-20,1.1165324449539185,-1
2019-05-21,1.1168566942214966,-1
2019-05-23,1.1155484914779663,-1
2019-05-24,1.1184556484222412,-1
2019-05-27,1.1209630966186523,-1
2019-05-28,1.1193821430206299,-1
2019-05-29,1.1170687675476074,-1
2019-05-30,1.1137346029281616,-1
2019-05-31,1.1131147146224976,-1
2019-06-03,1.1174057722091675,-1
2019-06-04,1.124631643295288,-1
2019-06-05,1.1254037618637085,-1
2019-06-06,1.1229015588760376,-1
2019-06-07,1.1276500225067139,-1
2019-06-10,1.1320157051086426,-1
2019-06-11,1.1318106651306152,-1
2019-06-12,1.1329518556594849,-1
2019-06-13,1.1295605897903442,-1
2019-06-14,1.1280443668365479,-1
2019-06-17,1.1217050552368164,-1
2019-06-18,1.1224603652954102,-1
2019-06-19,1.1198208332061768,-1
2019-06-20,1.1238480806350708,-1
2019-06-21,1.1295605897903442,-1
2019-06-24,1.1384724378585815,-1
2019-06-25,1.140029788017273,-1
2019-06-26,1.1369967460632324,-1
2019-06-27,1.1374752521514893,-1
2019-06-28,1.1372941732406616,-1
2019-07-01,1.1364928483963013,-1
2019-07-02,1.1287446022033691,-1
2019-07-03,1.1293054819107056,-1
2019-07-04,1.1287955045700073,-1
2019-07-05,1.128579020500183,-1
2019-07-08,1.1227376461029053,-1
2019-07-09,1.121604323387146,-1
2019-07-10,1.120824933052063,-1
2019-07-11,1.125885248184204,-1
2019-07-12,1.1252391338348389,-1
2019-07-15,1.1272051334381104,-1
2019-07-16,1.1261768341064453,-1
2019-07-17,1.1212271451950073,-1
2019-07-18,1.12296462059021,-1
2019-07-19,1.1261515617370605,-1
2019-07-22,1.1218308210372925,-1
2019-07-23,1.1206114292144775,-1
2019-07-24,1.1151255369186401,-1
2019-07-25,1.1142433881759644,-1
2019-07-26,1.1146159172058105,-1
2019-07-29,1.1132138967514038,-1
2019-07-30,1.1143054962158203,-1
2019-07-31,1.1157974004745483,-1
2019-08-01,1.1071745157241821,-1
2019-08-02,1.1078859567642212,-1
2019-08-05,1.1108025312423706,-1
2019-08-06,1.1243788003921509,-1
2019-08-07,1.1206992864608765,-1
2019-08-08,1.1204355955123901,-1
2019-08-09,1.1187183856964111,-1
2019-08-12,1.1208499670028687,-1
2019-08-13,1.1218308210372925,-1
2019-08-14,1.1177055835723877,-1
2019-08-15,1.1143302917480469,-1
2019-08-16,1.1113580465316772,-1
2019-08-19,1.109385371208191,-1
2019-08-20,1.1083157062530518,-1
2019-08-21,1.1097793579101562,-1
2019-08-22,1.10907781124115,-1
2019-08-23,1.1084016561508179,-1
2019-08-26,1.1143054962158203,-1
2019-08-27,1.1103708744049072,-1
2019-08-28,1.109004020690918,-1
2019-08-29,1.1085859537124634,-1
2019-08-30,1.1061947345733643,-1
2019-09-02,1.0991789102554321,-1
2019-09-03,1.0968520641326904,-1
2019-09-04,1.0974539518356323,-1
2019-09-05,1.10349702835083,-1
2019-09-06,1.1036310195922852,-1
2019-09-09,1.1020619869232178,-1
2019-09-10,1.1048381328582764,-1
2019-09-11,1.1050333976745605,-1
2019-09-12,1.1013457775115967,-1
2019-09-13,1.1058276891708374,-1
2019-09-16,1.1083402633666992,-1
2019-09-17,1.100594401359558,-1
2019-09-18,1.1074687242507935,-1
2019-09-19,1.1031439304351807,-1
2019-09-20,1.1048502922058105,-1
2019-09-23,1.1019041538238525,-1
2019-09-24,1.0993722677230835,-1
2019-09-25,1.1016855239868164,-1
2019-09-26,1.0952903032302856,-1
2019-09-27,1.0922753810882568,-1
2019-09-30,1.0942714214324951,-1
2019-10-01,1.0899657011032104,-1
2019-10-02,1.0934937000274658,-1
2019-10-03,1.0963709354400635,-1
2019-10-04,1.0975382328033447,-1
2019-10-07,1.098659634590149,-1
2019-10-08,1.0972130298614502,-1
2019-10-09,1.0960105657577515,-1
2019-10-10,1.0987803936004639,-1
2019-10-11,1.1011033058166504,-1
2019-10-14,1.1030004024505615,-1
2019-10-15,1.1029006242752075,-1
2019-10-16,1.1034727096557617,-1
2019-10-17,1.107493281364441,-1
2019-10-18,1.1127183437347412,-1
2019-10-21,1.1155734062194824,-1
2019-10-22,1.1151753664016724,-1
2019-10-23,1.112928867340088,-1
2019-10-24,1.1132385730743408,-1
2019-10-25,1.1103955507278442,-1
2019-10-28,1.1084262132644653,-1
2019-10-29,1.1099148988723755,-1
2019-10-30,1.1114816665649414,-1
2019-10-31,1.1154489517211914,-1
2019-11-01,1.1157102584838867,-1
2019-11-04,1.1166571378707886,-1
2019-11-05,1.1128545999526978,-1
2019-11-06,1.107419729232788,-1
2019-11-07,1.1070396900177002,-1
2019-11-08,1.1019697189331055,-1
2019-11-11,1.102244257926941,-1
2019-11-12,1.1035456657409668,-1
2019-11-13,1.1012367010116577,-1
2019-11-14,1.1013215780258179,-1
2019-11-15,1.1020498275756836,-1
2019-11-18,1.105509877204895,-1
2019-11-19,1.1072357892990112,-1
2019-11-20,1.1080001592636108,-1
2019-11-21,1.1078859567642212,-1
2019-11-22,1.1065863370895386,-1
2019-11-25,1.1022562980651855,-1
2019-11-26,1.1014429330825806,-1
2019-11-27,1.1022562980651855,-1
2019-11-28,1.1004853248596191,-1
2019-11-29,1.101176142692566,-1
2019-12-02,1.1019041538238525,-1
2019-12-03,1.1079105138778687,-1
2019-12-04,1.1085245609283447,-1
2019-12-05,1.108303427696228,-1
2019-12-06,1.1105434894561768,-1
2019-12-09,1.105888843536377,-1
2019-12-10,1.106499433517456,-1
2019-12-11,1.1092746257781982,-1
2019-12-12,1.1135857105255127,-1
2019-12-13,1.1186057329177856,-1
2019-12-16,1.1124460697174072,-1
2019-12-17,1.1136974096298218,-1
2019-12-18,1.115138053894043,-1
2019-12-19,1.1115927696228027,-1
2019-12-20,1.1125946044921875,-1
2019-12-23,1.1079840660095215,-1
2019-12-24,1.109385371208191,-1
2019-12-25,1.1090162992477417,-1
2019-12-26,1.1095454692840576,-1
2019-12-27,1.110111951828003,-1
2019-12-30,1.1182304620742798,-1
2019-12-31,1.120229721069336,-1
2020-01-01,1.1220825910568237,-1
2020-01-02,1.1220825910568237,-1
2020-01-03,1.1171437501907349,-1
2020-01-06,1.1161960363388062,-1
2020-01-07,1.1197994947433472,-1
2020-01-08,1.1154738664627075,-1
2020-01-09,1.1113210916519165,-1
2020-01-10,1.1111111640930176,-1
2020-01-13,1.1116669178009033,-1
2020-01-14,1.1135733127593994,-1
2020-01-15,1.113089919090271,-1
2020-01-16,1.1154004335403442,-1
2020-01-17,1.1139578819274902,-1
2020-01-20,1.1094592809677124,-1
2020-01-21,1.109693169593811,-1
2020-01-22,1.108561396598816,-1
2020-01-23,1.1096439361572266,-1
2020-01-24,1.1055220365524292,-1
2020-01-27,1.1025358438491821,-1
2020-01-28,1.101976990699768,-1
2020-01-29,1.1022562980651855,-1
2020-01-30,1.1016855239868164,-1
2020-01-31,1.1029127836227417,-1
2020-02-03,1.1089794635772705,-1
2020-02-04,1.1062926054000854,-1
2020-02-05,1.1047282218933105,-1
2020-02-06,1.1002310514450073,-1
2020-02-07,1.0982975959777832,-1
2020-02-10,1.0949305295944214,-1
2020-02-11,1.0913456678390503,-1
2020-02-12,1.091941475868225,-1
2020-02-13,1.0875948667526245,-1
2020-02-14,1.0845986604690552,-1
2020-02-17,1.0841753482818604,-1
2020-02-18,1.0840108394622803,-1
2020-02-19,1.079540491104126,-1
2020-02-20,1.081009864807129,-1
2020-02-21,1.078799843788147,-1
2020-02-24,1.0839051008224487,-1
2020-02-25,1.0849199295043945,-1
2020-02-26,1.0881996154785156,-1
2020-02-27,1.0885894298553467,-1
2020-02-28,1.0997228622436523,-1
2020-03-02,1.1051311492919922,-1
2020-03-03,1.1144047975540161,-1
2020-03-04,1.118067979812622,-1
2020-03-05,1.113908290863037,-1
2020-03-06,1.1223849058151245,-1
2020-03-09,1.1386020183563232,-1
2020-03-10,1.1397960186004639,-1
2020-03-11,1.1316505670547485,-1
2020-03-12,1.1261515617370605,-1
2020-03-13,1.1184931993484497,-1
2020-03-16,1.115536093711853,-1
2020-03-17,1.1163206100463867,-1
2020-03-18,1.101552128791809,-1
2020-03-19,1.0961546897888184,-1
2020-03-20,1.0657345056533813,-1
2020-03-23,1.0694386959075928,-1
2020-03-24,1.0764610767364502,-1
2020-03-25,1.080263614654541,-1
2020-03-26,1.0889569520950317,-1
2020-03-27,1.1048258543014526,-1
2020-03-30,1.113908290863037,-1
2020-03-31,1.1030466556549072,-1
2020-04-01,1.102657437324524,-1
2020-04-02,1.0953621864318848,-1
2020-04-03,1.0847399234771729,-1
2020-04-06,1.0806955099105835,-1
2020-04-07,1.0803803205490112,-1
2020-04-08,1.0895144939422607,-1
2020-04-09,1.0863661766052246,-1
2020-04-10,1.0927408933639526,-1
2020-04-13,1.0932666063308716,-1
2020-04-14,1.0922993421554565,-1
2020-04-15,1.098538875579834,-1
2020-04-16,1.0905101299285889,-1
2020-04-17,1.0858471393585205,-1
2020-04-20,1.0866966247558594,-1
2020-04-21,1.0864840745925903,-1
2020-04-22,1.0856467485427856,-1
2020-04-23,1.080964207649231,-1
2020-04-24,1.077702283859253,-1
2020-04-27,1.08236825466156,-1
2020-04-28,1.0824854373931885,-1
2020-04-29,1.0836584568023682,-1
2020-04-30,1.087725043296814,-1
2020-05-01,1.094546914100647,-1
2020-05-04,1.0959625244140625,-1
2020-05-05,1.0904293060302734,-1
2020-05-06,1.0838581323623657,-1
2020-05-07,1.0798553228378296,-1
2020-05-08,1.0837171077728271,-1
2020-05-11,1.0839520692825317,-1
2020-05-12,1.080940842628479,-1
2020-05-13,1.0846810340881348,-1
2020-05-14,1.08236825466156,-1
2020-05-15,1.0806955099105835,-1
2020-05-18,1.0821340084075928,-1
2020-05-19,1.0915124416351318,-1
2020-05-20,1.0927767753601074,-1
2020-05-21,1.0982975959777832,-1
2020-05-22,1.0952903032302856,-1
2020-05-25,1.0907801389694214,-1
2020-05-26,1.0902997255325317,-1
2020-05-27,1.0981770753860474,-1
2020-05-28,1.1016855239868164,-1
2020-05-29,1.1079105138778687,-1
2020-06-01,1.1118524074554443,-1
2020-06-02,1.1125946044921875,-1
2020-06-03,1.118943691253662,-1
2020-06-04,1.1235954761505127,-1
2020-06-05,1.1337867975234985,-1
2020-06-08,1.1319515705108643,-1
2020-06-09,1.1305567026138306,-1
2020-06-10,1.1332215070724487,-1
2020-06-11,1.1365444660186768,-1
2020-06-12,1.1288082599639893,-1
2020-06-15,1.1252011060714722,-1
2020-06-16,1.1337740421295166,-1
2020-06-17,1.1265701055526733,-1
2020-06-18,1.1242902278900146,-1
2020-06-19,1.1211000680923462,-1
2020-06-22,1.1177555322647095,-1
2020-06-23,1.1279679536819458,-1
2020-06-24,1.1312345266342163,-1
2020-06-25,1.1250872611999512,1
2020-06-26,1.1222084760665894,1
2020-06-29,1.1225864887237549,1
2020-06-30,1.1247202157974243,1
2020-07-01,1.1235954761505127,1
2020-07-02,1.1251378059387207,1
2020-07-03,1.1237848997116089,1
2020-07-06,1.1247202157974243,1
2020-07-07,1.1312856674194336,1
2020-07-08,1.1275228261947632,1
2020-07-09,1.1339154243469238,1
2020-07-10,1.1287955045700073,1
2020-07-13,1.1310042142868042,1
2020-07-14,1.134549617767334,1
2020-07-15,1.1410704851150513,1
2020-07-16,1.1417193412780762,1
2020-07-17,1.139211654663086,1
2020-07-20,1.1442956924438477,1
2020-07-21,1.1458691358566284,1
2020-07-22,1.15340256690979,1
2020-07-23,1.1568717956542969,1
2020-07-24,1.1596084833145142,1
2020-07-27,1.1652567386627197,1
2020-07-28,1.1769275665283203,1
2020-07-29,1.171879529953003,1
2020-07-30,1.1782865524291992,1
2020-07-31,1.1872254610061646,1
2020-08-03,1.1782310009002686,1
2020-08-04,1.1763322353363037,1
2020-08-05,1.181544303894043,1
2020-08-06,1.187281847000122,1
2020-08-07,1.1876484155654907,1
2020-08-10,1.1782727241516113,1
2020-08-11,1.1737778186798096,1
2020-08-12,1.1736538410186768,1
2020-08-13,1.179380178451538,1
2020-08-14,1.1816558837890625,1
2020-08-17,1.1852554082870483,1
2020-08-18,1.1876484155654907,1
2020-08-19,1.1947859525680542,1
2020-08-20,1.1843500137329102,1
2020-08-21,1.1873664855957031,1
2020-08-24,1.1798018217086792,1
2020-08-25,1.1794538497924805,1
2020-08-26,1.183501958847046,1
2020-08-27,1.1842728853225708,1
2020-08-28,1.1819632053375244,1
2020-08-31,1.1918240785598755,1
2020-09-01,1.193901538848877,1
2020-09-02,1.1923214197158813,1
2020-09-03,1.184735894203186,1
2020-09-04,1.1839784383773804,1
2020-09-07,1.183445930480957,1
2020-09-08,1.1821727752685547,1
2020-09-09,1.177024483680725,1
2020-09-10,1.1806375980377197,1
2020-09-11,1.1824384927749634,1
2020-09-14,1.1842728853225708,1
2020-09-15,1.187000036239624,1
2020-09-16,1.1844412088394165,1
2020-09-17,1.1803449392318726,1
2020-09-18,1.1848200559616089,1
2020-09-21,1.1845533847808838,1
2020-09-22,1.176800012588501,1
2020-09-23,1.1708368062973022,1
2020-09-24,1.1658544540405273,1
2020-09-25,1.1673243045806885,1
2020-09-28,1.1635348796844482,1
2020-09-29,1.167883276939392,1
2020-09-30,1.1742050647735596,1
2020-10-01,1.1726078987121582,1
2020-10-02,1.1744946241378784,1
2020-10-05,1.1720443964004517,1
2020-10-06,1.1792453527450562,1
2020-10-07,1.1737639904022217,1
2020-10-08,1.176747441291809,1
2020-10-09,1.1767003536224365,1
2020-10-12,1.181683897972107,1
2020-10-13,1.1816140413284302,1
2020-10-14,1.1742188930511475,1
2020-10-15,1.1743981838226318,1
2020-10-16,1.1707134246826172,1
2020-10-19,1.1715501546859741,1
2020-10-20,1.176885962486267,1
2020-10-21,1.1829839944839478,1
2020-10-22,1.1853959560394287,1
2020-10-23,1.1815024614334106,1
2020-10-26,1.1848480701446533,1
2020-10-27,1.1809443235397339,1
2020-10-28,1.1784114837646484,1
2020-10-29,1.1748672723770142,1
2020-10-30,1.1678695678710938,1
2020-11-02,1.1642121076583862,1
2020-11-03,1.1642799377441406,1
2020-11-04,1.176221489906311,1
2020-11-05,1.17326819896698,1
2020-11-06,1.1817537546157837,1
2020-11-09,1.1893010139465332,1
2020-11-10,1.182732105255127,1
2020-11-11,1.1818794012069702,1
2020-11-12,1.1780297756195068,1
2020-11-13,1.1803393363952637,1
2020-11-16,1.1845253705978394,1
2020-11-17,1.1859441995620728,1
2020-11-18,1.186366319656372,1
2020-11-19,1.1847639083862305,1
2020-11-20,1.1866477727890015,1
2020-11-23,1.1866477727890015,1
2020-11-24,1.1842728853225708,1
2020-11-25,1.1900511980056763,1
2020-11-26,1.1920002698898315,1
2020-11-27,1.191599726676941,1
2020-11-30,1.1971460580825806,1
2020-12-01,1.193816065788269,1
2020-12-02,1.2074378728866577,1
2020-12-03,1.2114603519439697,1
2020-12-04,1.2145650386810303,1
2020-12-07,1.212135910987854,1
2020-12-08,1.2113136053085327,1
2020-12-09,1.2110936641693115,1
2020-12-10,1.207875370979309,1
2020-12-11,1.2144293785095215,1
2020-12-14,1.213340401649475,1
2020-12-15,1.214889645576477,1
2020-12-16,1.2154301404953003,1
2020-12-17,1.2199585437774658,1
2020-12-18,1.226271629333496,1
2020-12-21,1.221612811088562,1
2020-12-22,1.2236906290054321,1
2020-12-23,1.2186651229858398,1
2020-12-24,1.2191405296325684,1
2020-12-25,1.2184720039367676,1
2020-12-28,1.2205095291137695,1
2020-12-29,1.2223445177078247,1
2020-12-30,1.225295066833496,1
2020-12-31,1.2299896478652954,1
